sample_name,file,type,species,experiment,mode,control,paired_end,genome,strand_specific,moeity,ip_type,read_length,GSM,Group,Species,Cell,Genotype,Other,Condition,Replicate,ControlType,Shearing_method,SRX,clean_name
ERX2277510_E-MTAB-6318DRIP_mOHT,ERX2277510_E-MTAB-6318DRIP_mOHT.hg38.bw,all,hg38,ERR2224138,DRIP,NA,FALSE,hg38,FALSE,DNA,S9.6,85,ERX2277510,Legube,HS,U2OS,AsiSI-ER,DMSO,S9.6,0,None,RES,ERX2277510,DRIP_U2OS_Legube_S9.6_ERX2277510
ERX2277511_E-MTAB-6318DRIP_pOHT,ERX2277511_E-MTAB-6318DRIP_pOHT.hg38.bw,all,hg38,ERR2224139,DRIP,NA,FALSE,hg38,FALSE,DNA,S9.6,85,ERX2277511,Legube,HS,U2OS,AsiSI-ER,4-OHT,S9.6,0,None,RES,ERX2277511,DRIP_U2OS_Legube_S9.6_ERX2277511
SRX1025890_TC32_NT_DRIP,SRX1025890_TC32_NT_DRIP.hg38.bw,all,hg38,SRR2019278,DRIP,SRR2019281,FALSE,hg38,FALSE,DNA,S9.6,51,GSM1683483,Bishop,HS,TC32,WT,DMSO,S9.6,0,Input,RES,SRX1025890,DRIP_TC32_Bishop_S9.6_SRX1025890
SRX1025891_TC32_Etop_DRIP,SRX1025891_TC32_Etop_DRIP.hg38.bw,all,hg38,SRR2019279,DRIP,SRR2019281,FALSE,hg38,FALSE,DNA,S9.6,51,GSM1683484,Bishop,HS,TC32,WT,Etop-50nM-6hr,S9.6,0,Input,RES,SRX1025891,DRIP_TC32_Bishop_S9.6_SRX1025891
SRX1025892_TC32_RNH,SRX1025892_TC32_RNH.hg38.bw,neg,hg38,SRR2019280,DRIP,SRR2019281,FALSE,hg38,FALSE,DNA,S9.6,51,GSM1683485,Bishop,HS,TC32,WT,DMSO,RNaseH1,0,Input,RES,SRX1025892,DRIP_TC32_Bishop_RNaseH1_SRX1025892
SRX1025894_EWS502_NT_DRIP,SRX1025894_EWS502_NT_DRIP.hg38.bw,all,hg38,SRR2019282,DRIP,SRR2019285,FALSE,hg38,FALSE,DNA,S9.6,51,GSM1683487,Bishop,HS,EWS502,WT,DMSO,S9.6,0,Input,RES,SRX1025894,DRIP_EWS502_Bishop_S9.6_SRX1025894
SRX1025895_EWS502_Etop_DRIP,SRX1025895_EWS502_Etop_DRIP.hg38.bw,all,hg38,SRR2019283,DRIP,SRR2019285,FALSE,hg38,FALSE,DNA,S9.6,51,GSM1683488,Bishop,HS,EWS502,WT,Etop-250nM-6hr,S9.6,0,Input,RES,SRX1025895,DRIP_EWS502_Bishop_S9.6_SRX1025895
SRX1025896_EWS502_RNH,SRX1025896_EWS502_RNH.hg38.bw,neg,hg38,SRR2019284,DRIP,SRR2019285,FALSE,hg38,FALSE,DNA,S9.6,51,GSM1683489,Bishop,HS,EWS502,WT,DMSO,RNaseH1,0,Input,RES,SRX1025896,DRIP_EWS502_Bishop_RNaseH1_SRX1025896
SRX1025898_CHLA10_NT_DRIP,SRX1025898_CHLA10_NT_DRIP.hg38.bw,all,hg38,SRR2019286,DRIP,SRR2019289,FALSE,hg38,FALSE,DNA,S9.6,51,GSM1683491,Bishop,HS,CHLA10,WT,DMSO,S9.6,0,Input,RES,SRX1025898,DRIP_CHLA10_Bishop_S9.6_SRX1025898
SRX1025899_CHLA10_Etop_DRIP,SRX1025899_CHLA10_Etop_DRIP.hg38.bw,all,hg38,SRR2019287,DRIP,SRR2019289,FALSE,hg38,FALSE,DNA,S9.6,51,GSM1683492,Bishop,HS,CHLA10,WT,Etop-150nM-6hr,S9.6,0,Input,RES,SRX1025899,DRIP_CHLA10_Bishop_S9.6_SRX1025899
SRX1025900_CHLA10_RNH,SRX1025900_CHLA10_RNH.hg38.bw,neg,hg38,SRR2019288,DRIP,SRR2019289,FALSE,hg38,FALSE,DNA,S9.6,51,GSM1683493,Bishop,HS,CHLA10,WT,DMSO,RNaseH1,0,Input,RES,SRX1025900,DRIP_CHLA10_Bishop_RNaseH1_SRX1025900
SRX1025902_IMR90_NT_DRIP,SRX1025902_IMR90_NT_DRIP.hg38.bw,all,hg38,SRR2019290,DRIP,SRR2019293,FALSE,hg38,FALSE,DNA,S9.6,51,GSM1683495,Bishop,HS,IMR90,WT,DMSO,S9.6,0,Input,RES,SRX1025902,DRIP_IMR90_Bishop_S9.6_SRX1025902
SRX1025903_IMR90_Etop_DRIP,SRX1025903_IMR90_Etop_DRIP.hg38.bw,all,hg38,SRR2019291,DRIP,SRR2019293,FALSE,hg38,FALSE,DNA,S9.6,51,GSM1683496,Bishop,HS,IMR90,WT,Etop-6uM-6hr,S9.6,0,Input,RES,SRX1025903,DRIP_IMR90_Bishop_S9.6_SRX1025903
SRX1025904_IMR90_RNH,SRX1025904_IMR90_RNH.hg38.bw,neg,hg38,SRR2019292,DRIP,SRR2019293,FALSE,hg38,FALSE,DNA,S9.6,51,GSM1683497,Bishop,HS,IMR90,WT,DMSO,RNaseH1,0,Input,RES,SRX1025904,DRIP_IMR90_Bishop_RNaseH1_SRX1025904
SRX1025906_U2OS-pMSCV_NT_DRIP,SRX1025906_U2OS-pMSCV_NT_DRIP.hg38.bw,all,hg38,SRR2019294,DRIP,SRR2019303,FALSE,hg38,FALSE,DNA,S9.6,51,GSM1683499,Bishop,HS,U2OS,WT,DMSO-EV,S9.6,0,Input,RES,SRX1025906,DRIP_U2OS_Bishop_S9.6_SRX1025906
SRX1025907_U2OS-pMSCV_Etop_DRIP,SRX1025907_U2OS-pMSCV_Etop_DRIP.hg38.bw,all,hg38,SRR2019295,DRIP,SRR2019303,FALSE,hg38,FALSE,DNA,S9.6,51,GSM1683500,Bishop,HS,U2OS,WT,Etop-6uM-6hr-EV,S9.6,0,Input,RES,SRX1025907,DRIP_U2OS_Bishop_S9.6_SRX1025907
SRX1025908_U2OS-siCtrl_NT_DRIP,SRX1025908_U2OS-siCtrl_NT_DRIP.hg38.bw,all,hg38,SRR2019296,DRIP,SRR2019303,FALSE,hg38,FALSE,DNA,S9.6,51,GSM1683501,Bishop,HS,U2OS,WT,DMSO-siCTR,S9.6,0,Input,RES,SRX1025908,DRIP_U2OS_Bishop_S9.6_SRX1025908
SRX1025909_U2OS-siCtrl_Etop_DRIP,SRX1025909_U2OS-siCtrl_Etop_DRIP.hg38.bw,all,hg38,SRR2019297,DRIP,SRR2019303,FALSE,hg38,FALSE,DNA,S9.6,51,GSM1683502,Bishop,HS,U2OS,WT,Etop-6uM-6hr-siCTR,S9.6,0,Input,RES,SRX1025909,DRIP_U2OS_Bishop_S9.6_SRX1025909
SRX1025910_U2OS-siEWSR1-1_NT_DRIP,SRX1025910_U2OS-siEWSR1-1_NT_DRIP.hg38.bw,all,hg38,SRR2019298,DRIP,SRR2019303,FALSE,hg38,FALSE,DNA,S9.6,51,GSM1683503,Bishop,HS,U2OS,WT,DMSO-siEWSR1,S9.6,0,Input,RES,SRX1025910,DRIP_U2OS_Bishop_S9.6_SRX1025910
SRX1025911_U2OS-siEWSR1-1_Etop_DRIP,SRX1025911_U2OS-siEWSR1-1_Etop_DRIP.hg38.bw,all,hg38,SRR2019299,DRIP,SRR2019303,FALSE,hg38,FALSE,DNA,S9.6,51,GSM1683504,Bishop,HS,U2OS,WT,Etop-6uM-6hr-siEWSR1,S9.6,0,Input,RES,SRX1025911,DRIP_U2OS_Bishop_S9.6_SRX1025911
SRX1025912_U2OS-siEWSR1-2_NT_DRIP,SRX1025912_U2OS-siEWSR1-2_NT_DRIP.hg38.bw,all,hg38,SRR2019300,DRIP,SRR2019303,FALSE,hg38,FALSE,DNA,S9.6,51,GSM1683505,Bishop,HS,U2OS,WT,DMSO-siEWSR1,S9.6,0,Input,RES,SRX1025912,DRIP_U2OS_Bishop_S9.6_SRX1025912
SRX1025913_U2OS-siEWSR1-2_Etop_DRIP,SRX1025913_U2OS-siEWSR1-2_Etop_DRIP.hg38.bw,all,hg38,SRR2019301,DRIP,SRR2019303,FALSE,hg38,FALSE,DNA,S9.6,51,GSM1683506,Bishop,HS,U2OS,WT,Etop-6uM-6hr-siEWSR1,S9.6,0,Input,RES,SRX1025913,DRIP_U2OS_Bishop_S9.6_SRX1025913
SRX1025914_U2OS_RNH,SRX1025914_U2OS_RNH.hg38.bw,neg,hg38,SRR2019302,DRIP,SRR2019303,FALSE,hg38,FALSE,DNA,S9.6,51,GSM1683507,Bishop,HS,U2OS,WT,DMSO,RNaseH1,0,Input,RES,SRX1025914,DRIP_U2OS_Bishop_RNaseH1_SRX1025914
SRX1029475_IMR90_RDIP,SRX1029475_IMR90_RDIP.hg38.bw,all,hg38,SRR2028291,RDIP,SRR2028292,TRUE,hg38,TRUE,RNA,S9.6,101,GSM1687554,Nadel,HS,IMR90,WT,NT,S9.6,0,None,SON,SRX1029475,RDIP_IMR90_Nadel_S9.6_SRX1029475
SRX1029477_HEK293T_RDIP,SRX1029477_HEK293T_RDIP.hg38.bw,all,hg38,SRR2028293,RDIP,SRR2028294,TRUE,hg38,TRUE,RNA,S9.6,101,GSM1687556,Nadel,HS,HEK293T,WT,NT,S9.6,0,None,SON,SRX1029477,RDIP_HEK293T_Nadel_S9.6_SRX1029477
SRX1070676_NT2_DRIPc-seq_rep_1,SRX1070676_NT2_DRIPc-seq_rep_1.hg38.bw,all,hg38,SRR2075679,DRIPc,NA,FALSE,hg38,TRUE,RNA,S9.6,50,GSM1720613,Chedin,HS,NT2,WT,NT,S9.6,1,None,ER,SRX1070676,DRIPc_NT2_Chedin_S9.6_SRX1070676
SRX1070677_NT2_DRIPc-seq_rep_2,SRX1070677_NT2_DRIPc-seq_rep_2.hg38.bw,all,hg38,SRR2075680,DRIPc,NA,FALSE,hg38,TRUE,RNA,S9.6,50,GSM1720614,Chedin,HS,NT2,WT,NT,S9.6,2,None,RES,SRX1070677,DRIPc_NT2_Chedin_S9.6_SRX1070677
SRX1070678_NT2_DRIP-seq_1,SRX1070678_NT2_DRIP-seq_1.hg38.bw,pos,hg38,SRR2075681,DRIP,NA,FALSE,hg38,FALSE,DNA,S9.6,50,GSM1720615,Chedin,HS,NT2,WT,NT,S9.6,1,None,RES,SRX1070678,DRIP_NT2_Chedin_S9.6_SRX1070678
SRX1070679_NT2_DRIP-seq_2,SRX1070679_NT2_DRIP-seq_2.hg38.bw,pos,hg38,SRR2075682,DRIP,NA,FALSE,hg38,FALSE,DNA,S9.6,50,GSM1720616,Chedin,HS,NT2,WT,NT,S9.6,2,None,RES,SRX1070679,DRIP_NT2_Chedin_S9.6_SRX1070679
SRX1070680_NT2_DRIP-seq_RNaseA,SRX1070680_NT2_DRIP-seq_RNaseA.hg38.bw,pos,hg38,SRR2075683,DRIP,NA,FALSE,hg38,FALSE,DNA,S9.6,100,GSM1720617,Chedin,HS,NT2,WT,RNaseA,S9.6,0,None,RES,SRX1070680,DRIP_NT2_Chedin_S9.6_SRX1070680
SRX1070681_NT2_DRIP-seq_RNaseH,SRX1070681_NT2_DRIP-seq_RNaseH.hg38.bw,neg,hg38,SRR2075684,DRIP,NA,FALSE,hg38,FALSE,DNA,S9.6,100,GSM1720618,Chedin,HS,NT2,WT,RNaseH,S9.6,0,None,RES,SRX1070681,DRIP_NT2_Chedin_S9.6_SRX1070681
SRX1070682_K562_DRIP-seq,SRX1070682_K562_DRIP-seq.hg38.bw,all,hg38,SRR2075685,DRIP,NA,FALSE,hg38,FALSE,DNA,S9.6,100,GSM1720619,Chedin,HS,K562,WT,NT,S9.6,0,None,RES,SRX1070682,DRIP_K562_Chedin_S9.6_SRX1070682
SRX1070683_E14_DRIP-seq,SRX1070683_E14_DRIP-seq.mm10.bw,all,mm10,NA,NA,NA,NA,NA,NA,NA,NA,NA,NA,NA,NA,NA,NA,NA,NA,NA,NA,NA,NA,NA
SRX1070684_3T3_DRIP-seq,SRX1070684_3T3_DRIP-seq.mm10.bw,all,mm10,NA,NA,NA,NA,NA,NA,NA,NA,NA,NA,NA,NA,NA,NA,NA,NA,NA,NA,NA,NA,NA
SRX113812_Ntera2_DNA,SRX113812_Ntera2_DNA.hg38.bw,all,hg38,SRR393964,SRR891285,SRR891286,SRR891290,SRR891291,DRIP,NA,FALSE,hg38,FALSE,DNA,S9.6,41,SRX113812,Chedin,HS,NT2,WT,NT,S9.6,2,None,RES,SRX113812,DRIP_NT2_Chedin_S9.6_SRX113812
SRX113813_Ntera2_DNA,SRX113813_Ntera2_DNA.hg38.bw,all,hg38,SRR393965,SRR891287,DRIP,NA,FALSE,hg38,FALSE,DNA,S9.6,58,SRX113813,Chedin,HS,NT2,WT,NT,S9.6,1,None,RES,SRX113813,DRIP_NT2_Chedin_S9.6_SRX113813
SRX113814_Ntera2_DNA,SRX113814_Ntera2_DNA.hg38.bw,all,hg38,SRR393966,SRR891288,SRR891289,DRIVE,NA,FALSE,hg38,FALSE,RNA,RNaseH1,40,SRX113814,Chedin,HS,NT2,WT,NT,RNASEH1,0,None,RES,SRX113814,DRIVE_NT2_Chedin_RNASEH1_SRX113814
SRX1674681_3T3_DRIPc-seq,SRX1674681_3T3_DRIPc-seq.mm10.bw,all,mm10,NA,NA,NA,NA,NA,NA,NA,NA,NA,NA,NA,NA,NA,NA,NA,NA,NA,NA,NA,NA,NA
SRX1761639_UNKNOWN,SRX1761639_UNKNOWN.sacCer3.bw,all,sacCer3,NA,NA,NA,NA,NA,NA,NA,NA,NA,NA,NA,NA,NA,NA,NA,NA,NA,NA,NA,NA,NA
SRX1761640_UNKNOWN,SRX1761640_UNKNOWN.sacCer3.bw,all,sacCer3,NA,NA,NA,NA,NA,NA,NA,NA,NA,NA,NA,NA,NA,NA,NA,NA,NA,NA,NA,NA,NA
SRX1761641_UNKNOWN,SRX1761641_UNKNOWN.sacCer3.bw,all,sacCer3,NA,NA,NA,NA,NA,NA,NA,NA,NA,NA,NA,NA,NA,NA,NA,NA,NA,NA,NA,NA,NA
SRX1761643_UNKNOWN,SRX1761643_UNKNOWN.sacCer3.bw,all,sacCer3,NA,NA,NA,NA,NA,NA,NA,NA,NA,NA,NA,NA,NA,NA,NA,NA,NA,NA,NA,NA,NA
SRX1761644_UNKNOWN,SRX1761644_UNKNOWN.sacCer3.bw,all,sacCer3,NA,NA,NA,NA,NA,NA,NA,NA,NA,NA,NA,NA,NA,NA,NA,NA,NA,NA,NA,NA,NA
SRX1761645_UNKNOWN,SRX1761645_UNKNOWN.sacCer3.bw,all,sacCer3,NA,NA,NA,NA,NA,NA,NA,NA,NA,NA,NA,NA,NA,NA,NA,NA,NA,NA,NA,NA,NA
SRX1761648_UNKNOWN,SRX1761648_UNKNOWN.sacCer3.bw,all,sacCer3,NA,NA,NA,NA,NA,NA,NA,NA,NA,NA,NA,NA,NA,NA,NA,NA,NA,NA,NA,NA,NA
SRX1761649_UNKNOWN,SRX1761649_UNKNOWN.sacCer3.bw,all,sacCer3,NA,NA,NA,NA,NA,NA,NA,NA,NA,NA,NA,NA,NA,NA,NA,NA,NA,NA,NA,NA,NA
SRX1761650_UNKNOWN,SRX1761650_UNKNOWN.sacCer3.bw,all,sacCer3,NA,NA,NA,NA,NA,NA,NA,NA,NA,NA,NA,NA,NA,NA,NA,NA,NA,NA,NA,NA,NA
SRX1761651_UNKNOWN,SRX1761651_UNKNOWN.sacCer3.bw,all,sacCer3,NA,NA,NA,NA,NA,NA,NA,NA,NA,NA,NA,NA,NA,NA,NA,NA,NA,NA,NA,NA,NA
SRX1798983_Mock_S_96_DRIP_Seq,SRX1798983_Mock_S_96_DRIP_Seq.hg38.bw,all,hg38,SRR3585044,SRR3585043,SRR3585042,DRIP,SRR3585045,SRR3585046,SRR3585047,FALSE,hg38,FALSE,DNA,S9.6,50,GSM2176714,Cimprich,HS,MCF7,WT,Veh-24hr,S9.6,0,Input,RES,SRX1798983,DRIP_MCF7_Cimprich_S9.6_SRX1798983
SRX1798985_Mock_RNaseH_S_96_DRIP_Seq,SRX1798985_Mock_RNaseH_S_96_DRIP_Seq.hg38.bw,neg,hg38,SRR3585048,DRIP,SRR3585045,SRR3585046,SRR3585047,FALSE,hg38,FALSE,DNA,S9.6,50,GSM2176716,Cimprich,HS,MCF7,WT,Veh-24hr,RNaseH1,0,Input,RES,SRX1798985,DRIP_MCF7_Cimprich_RNaseH1_SRX1798985
SRX1798986_2hr_S_96_DRIP_Seq,SRX1798986_2hr_S_96_DRIP_Seq.hg38.bw,all,hg38,SRR3585051,SRR3585050,SRR3585049,DRIP,SRR3585052,SRR3585053,SRR3585054,FALSE,hg38,FALSE,DNA,S9.6,50,GSM2176717,Cimprich,HS,MCF7,WT,E2-2hr,S9.6,0,Input,RES,SRX1798986,DRIP_MCF7_Cimprich_S9.6_SRX1798986
SRX1798988_24hr_S_96_DRIP_Seq,SRX1798988_24hr_S_96_DRIP_Seq.hg38.bw,all,hg38,SRR3585055,SRR3585056,SRR3585057,DRIP,SRR3585059,SRR3585060,SRR3585061,FALSE,hg38,FALSE,DNA,S9.6,50,GSM2176719,Cimprich,HS,MCF7,WT,E2-24hr,S9.6,0,Input,RES,SRX1798988,DRIP_MCF7_Cimprich_S9.6_SRX1798988
SRX1798989_24hr_RNAseH_S_96_DRIP_Seq,SRX1798989_24hr_RNAseH_S_96_DRIP_Seq.hg38.bw,neg,hg38,SRR3585058,DRIP,SRR3585059,SRR3585060,SRR3585061,FALSE,hg38,FALSE,DNA,S9.6,50,GSM2176720,Cimprich,HS,MCF7,WT,E2-24hr,RNaseH1,0,Input,RES,SRX1798989,DRIP_MCF7_Cimprich_RNaseH1_SRX1798989
SRX1995063_UNKNOWN,SRX1995063_UNKNOWN.ce11.bw,all,ce11,NA,NA,NA,NA,NA,NA,NA,NA,NA,NA,NA,NA,NA,NA,NA,NA,NA,NA,NA,NA,NA
SRX1995065_UNKNOWN,SRX1995065_UNKNOWN.ce11.bw,all,ce11,NA,NA,NA,NA,NA,NA,NA,NA,NA,NA,NA,NA,NA,NA,NA,NA,NA,NA,NA,NA,NA
SRX2187019_DRIP_shCtrl_IgG_rep1,SRX2187019_DRIP_shCtrl_IgG_rep1.hg38.bw,all,hg38,SRR4291521,DRIP,SRR4291517,FALSE,hg38,FALSE,DNA,S9.6,49.65,GSM2326827,Staropoli,HS,SHS5Y5,WT,shCTR,IgG,0,Input,RES,SRX2187019,DRIP_SHS5Y5_Staropoli_IgG_SRX2187019
SRX2187020_DRIP_shCtrl_IgG_rep2,SRX2187020_DRIP_shCtrl_IgG_rep2.hg38.bw,all,hg38,SRR4291522,DRIP,SRR4291518,FALSE,hg38,FALSE,DNA,S9.6,49.82,GSM2326828,Staropoli,HS,SHS5Y5,WT,shCTR,IgG,0,Input,RES,SRX2187020,DRIP_SHS5Y5_Staropoli_IgG_SRX2187020
SRX2187021_DRIP_shSMN_IgG_rep1,SRX2187021_DRIP_shSMN_IgG_rep1.hg38.bw,all,hg38,SRR4291523,DRIP,SRR4291519,FALSE,hg38,FALSE,DNA,S9.6,49.71,GSM2326829,Staropoli,HS,SHS5Y5,WT,shSMN,IgG,0,Input,RES,SRX2187021,DRIP_SHS5Y5_Staropoli_IgG_SRX2187021
SRX2187022_DRIP_shSMN_IgG_rep2,SRX2187022_DRIP_shSMN_IgG_rep2.hg38.bw,all,hg38,SRR4291524,DRIP,SRR4291520,FALSE,hg38,FALSE,DNA,S9.6,49.58,GSM2326830,Staropoli,HS,SHS5Y5,WT,shSMN,IgG,0,Input,RES,SRX2187022,DRIP_SHS5Y5_Staropoli_IgG_SRX2187022
SRX2187023_DRIP_shCtrl_S96_rep1,SRX2187023_DRIP_shCtrl_S96_rep1.hg38.bw,all,hg38,SRR4291525,DRIP,SRR4291517,FALSE,hg38,FALSE,DNA,S9.6,49.52,GSM2326831,Staropoli,HS,SHS5Y5,WT,shCTR,S9.6,0,Input,RES,SRX2187023,DRIP_SHS5Y5_Staropoli_S9.6_SRX2187023
SRX2187024_DRIP_shCtrl_S96_rep2,SRX2187024_DRIP_shCtrl_S96_rep2.hg38.bw,all,hg38,SRR4291526,DRIP,SRR4291518,FALSE,hg38,FALSE,DNA,S9.6,49.52,GSM2326832,Staropoli,HS,SHS5Y5,WT,shCTR,S9.6,0,Input,RES,SRX2187024,DRIP_SHS5Y5_Staropoli_S9.6_SRX2187024
SRX2187025_DRIP_shSMN_S96_rep1,SRX2187025_DRIP_shSMN_S96_rep1.hg38.bw,all,hg38,SRR4291527,DRIP,SRR4291519,FALSE,hg38,FALSE,DNA,S9.6,49.53,GSM2326833,Staropoli,HS,SHS5Y5,WT,shSMN,S9.6,0,Input,RES,SRX2187025,DRIP_SHS5Y5_Staropoli_S9.6_SRX2187025
SRX2187026_DRIP_shSMN_S96_rep2,SRX2187026_DRIP_shSMN_S96_rep2.hg38.bw,all,hg38,SRR4291528,DRIP,SRR4291520,FALSE,hg38,FALSE,DNA,S9.6,49.53,GSM2326834,Staropoli,HS,SHS5Y5,WT,shSMN,S9.6,0,Input,RES,SRX2187026,DRIP_SHS5Y5_Staropoli_S9.6_SRX2187026
SRX2455189_UNKNOWN,SRX2455189_UNKNOWN.hg38.bw,all,hg38,SRR5137198,DRIP,SRR5137199,FALSE,hg38,FALSE,DNA,S9.6,50,SRR5137198,Szekvolgyi,HS,TCELL,WT,NT,S9.6,1,Input,SON,SRX2455189,DRIP_TCELL_Szekvolgyi_S9.6_SRX2455189
SRX2455191_UNKNOWN,SRX2455191_UNKNOWN.hg38.bw,all,hg38,SRR5137200,DRIP,SRR5137197,TRUE,hg38,FALSE,DNA,S9.6,150,SRR5137200,Szekvolgyi,HS,JURKAT,WT,NT,S9.6,2,Input,SON,SRX2455191,DRIP_JURKAT_Szekvolgyi_S9.6_SRX2455191
SRX2455192_UNKNOWN,SRX2455192_UNKNOWN.hg38.bw,all,hg38,SRR5137201,DRIP,SRR5137202,FALSE,hg38,FALSE,DNA,S9.6,50,SRR5137201,Szekvolgyi,HS,TCELL,WT,NT,S9.6,2,Input,SON,SRX2455192,DRIP_TCELL_Szekvolgyi_S9.6_SRX2455192
SRX2455195_UNKNOWN,SRX2455195_UNKNOWN.hg38.bw,all,hg38,SRR5137204,DRIP,SRR5137203,FALSE,hg38,FALSE,DNA,S9.6,50,SRR5137204,Szekvolgyi,HS,JURKAT,WT,NT,S9.6,1,Input,SON,SRX2455195,DRIP_JURKAT_Szekvolgyi_S9.6_SRX2455195
SRX2481503_S96_DRIP_Seq_1,SRX2481503_S96_DRIP_Seq_1.hg38.bw,all,hg38,SRR5164421,DRIP,SRR5164422,TRUE,hg38,FALSE,DNA,S9.6,76,GSM2452072,Cimprich,HS,HeLa,WT,siCTR,S9.6,0,Input,RES,SRX2481503,DRIP_HeLa_Cimprich_S9.6_SRX2481503
SRX255721_NT2_DRIP-seq_1,SRX255721_NT2_DRIP-seq_1.hg38.bw,all,hg38,SRR797877,DRIP,SRR797876,FALSE,hg38,FALSE,DNA,S9.6,42.39,GSM1108096,Chedin,HS,NT2,WT,NT,S9.6,1,None,RES,SRX255721,DRIP_NT2_Chedin_S9.6_SRX255721
SRX255723_NT2_DRIP-seq_2_rep_1,SRX255723_NT2_DRIP-seq_2_rep_1.hg38.bw,all,hg38,SRR797879,DRIP,SRR797878,FALSE,hg38,FALSE,DNA,S9.6,42.33,GSM1108098,Chedin,HS,NT2,WT,NT,S9.6,1,None,BNANP,SRX255723,DRIP_NT2_Chedin_S9.6_SRX255723
SRX255724_NT2_DRIP-seq_2_rep_2,SRX255724_NT2_DRIP-seq_2_rep_2.hg38.bw,all,hg38,SRR797880,DRIP,SRR797878,FALSE,hg38,FALSE,DNA,S9.6,42.43,GSM1108099,Chedin,HS,NT2,WT,NT,S9.6,2,None,BNANP,SRX255724,DRIP_NT2_Chedin_S9.6_SRX255724
SRX2642935_DRIPseq_NC_1_Stromal,SRX2642935_DRIPseq_NC_1_Stromal.hg38.bw,all,hg38,SRR5346305,DRIP,NA,FALSE,hg38,FALSE,DNA,S9.6,51,GSM2537882,Li,HS,STR,WT,BSC117,S9.6,0,None,RES,SRX2642935,DRIP_STR_Li_S9.6_SRX2642935
SRX2642936_DRIPseq_NC_1_Basal,SRX2642936_DRIPseq_NC_1_Basal.hg38.bw,all,hg38,SRR5346306,DRIP,NA,FALSE,hg38,FALSE,DNA,S9.6,51,GSM2537883,Li,HS,BE,WT,BSC117,S9.6,0,None,RES,SRX2642936,DRIP_BE_Li_S9.6_SRX2642936
SRX2642937_DRIPseq_NC_1_LP,SRX2642937_DRIPseq_NC_1_LP.hg38.bw,all,hg38,SRR5346307,DRIP,NA,FALSE,hg38,FALSE,DNA,S9.6,51,GSM2537884,Li,HS,LP,WT,BSC117,S9.6,0,None,RES,SRX2642937,DRIP_LP_Li_S9.6_SRX2642937
SRX2642938_DRIPseq_NC_1_ML,SRX2642938_DRIPseq_NC_1_ML.hg38.bw,all,hg38,SRR5346308,DRIP,NA,FALSE,hg38,FALSE,DNA,S9.6,51,GSM2537885,Li,HS,ML,WT,BSC117,S9.6,0,None,RES,SRX2642938,DRIP_ML_Li_S9.6_SRX2642938
SRX2642939_DRIPseq_NC_2_Stromal,SRX2642939_DRIPseq_NC_2_Stromal.hg38.bw,all,hg38,SRR5346309,DRIP,NA,FALSE,hg38,FALSE,DNA,S9.6,51,GSM2537886,Li,HS,STR,WT,BSC119,S9.6,0,None,RES,SRX2642939,DRIP_STR_Li_S9.6_SRX2642939
SRX2642940_DRIPseq_NC_2_Basal,SRX2642940_DRIPseq_NC_2_Basal.hg38.bw,all,hg38,SRR5346310,DRIP,NA,FALSE,hg38,FALSE,DNA,S9.6,51,GSM2537887,Li,HS,BE,WT,BSC119,S9.6,0,None,RES,SRX2642940,DRIP_BE_Li_S9.6_SRX2642940
SRX2642941_DRIPseq_NC_2_LP,SRX2642941_DRIPseq_NC_2_LP.hg38.bw,all,hg38,SRR5346311,DRIP,NA,FALSE,hg38,FALSE,DNA,S9.6,51,GSM2537888,Li,HS,LP,WT,BSC119,S9.6,0,None,RES,SRX2642941,DRIP_LP_Li_S9.6_SRX2642941
SRX2642942_DRIPseq_NC_2_ML,SRX2642942_DRIPseq_NC_2_ML.hg38.bw,all,hg38,SRR5346312,DRIP,NA,FALSE,hg38,FALSE,DNA,S9.6,51,GSM2537889,Li,HS,ML,WT,BSC119,S9.6,0,None,RES,SRX2642942,DRIP_ML_Li_S9.6_SRX2642942
SRX2642943_DRIPseq_NC_3_Stromal,SRX2642943_DRIPseq_NC_3_Stromal.hg38.bw,all,hg38,SRR5346313,DRIP,NA,FALSE,hg38,FALSE,DNA,S9.6,51,GSM2537890,Li,HS,STR,WT,BSC132,S9.6,0,None,RES,SRX2642943,DRIP_STR_Li_S9.6_SRX2642943
SRX2642944_DRIPseq_NC_3_Basal,SRX2642944_DRIPseq_NC_3_Basal.hg38.bw,all,hg38,SRR5346314,DRIP,NA,FALSE,hg38,FALSE,DNA,S9.6,51,GSM2537891,Li,HS,BE,WT,BSC132,S9.6,0,None,RES,SRX2642944,DRIP_BE_Li_S9.6_SRX2642944
SRX2642945_DRIPseq_NC_3_LP,SRX2642945_DRIPseq_NC_3_LP.hg38.bw,all,hg38,SRR5346315,DRIP,NA,FALSE,hg38,FALSE,DNA,S9.6,51,GSM2537892,Li,HS,LP,WT,BSC132,S9.6,0,None,RES,SRX2642945,DRIP_LP_Li_S9.6_SRX2642945
SRX2642946_DRIPseq_NC_3_ML,SRX2642946_DRIPseq_NC_3_ML.hg38.bw,all,hg38,SRR5346316,DRIP,NA,FALSE,hg38,FALSE,DNA,S9.6,51,GSM2537893,Li,HS,ML,WT,BSC132,S9.6,0,None,RES,SRX2642946,DRIP_ML_Li_S9.6_SRX2642946
SRX2642947_DRIPseq_NC_4_Stromal,SRX2642947_DRIPseq_NC_4_Stromal.hg38.bw,all,hg38,SRR5346317,DRIP,NA,FALSE,hg38,FALSE,DNA,S9.6,51,GSM2537894,Li,HS,STR,WT,BSC134,S9.6,0,None,RES,SRX2642947,DRIP_STR_Li_S9.6_SRX2642947
SRX2642948_DRIPseq_NC_4_Basal,SRX2642948_DRIPseq_NC_4_Basal.hg38.bw,all,hg38,SRR5346318,DRIP,NA,FALSE,hg38,FALSE,DNA,S9.6,51,GSM2537895,Li,HS,BE,WT,BSC134,S9.6,0,None,RES,SRX2642948,DRIP_BE_Li_S9.6_SRX2642948
SRX2642949_DRIPseq_NC_4_LP,SRX2642949_DRIPseq_NC_4_LP.hg38.bw,all,hg38,SRR5346319,DRIP,NA,FALSE,hg38,FALSE,DNA,S9.6,51,GSM2537896,Li,HS,LP,WT,BSC134,S9.6,0,None,RES,SRX2642949,DRIP_LP_Li_S9.6_SRX2642949
SRX2642950_DRIPseq_NC_4_ML,SRX2642950_DRIPseq_NC_4_ML.hg38.bw,all,hg38,SRR5346320,DRIP,NA,FALSE,hg38,FALSE,DNA,S9.6,51,GSM2537897,Li,HS,ML,WT,BSC134,S9.6,0,None,RES,SRX2642950,DRIP_ML_Li_S9.6_SRX2642950
SRX2642951_DRIPseq_B1_1_Stromal,SRX2642951_DRIPseq_B1_1_Stromal.hg38.bw,all,hg38,SRR5346321,DRIP,NA,FALSE,hg38,FALSE,DNA,S9.6,51,GSM2537898,Li,HS,STR,BRCA1,BSC107,S9.6,0,None,RES,SRX2642951,DRIP_STR_Li_S9.6_SRX2642951
SRX2642952_DRIPseq_B1_1_Basal,SRX2642952_DRIPseq_B1_1_Basal.hg38.bw,all,hg38,SRR5346322,DRIP,NA,FALSE,hg38,FALSE,DNA,S9.6,51,GSM2537899,Li,HS,BE,BRCA1,BSC107,S9.6,0,None,RES,SRX2642952,DRIP_BE_Li_S9.6_SRX2642952
SRX2642953_DRIPseq_B1_1_LP,SRX2642953_DRIPseq_B1_1_LP.hg38.bw,all,hg38,SRR5346323,DRIP,NA,FALSE,hg38,FALSE,DNA,S9.6,51,GSM2537900,Li,HS,LP,BRCA1,BSC107,S9.6,0,None,RES,SRX2642953,DRIP_LP_Li_S9.6_SRX2642953
SRX2642954_DRIPseq_B1_1_ML,SRX2642954_DRIPseq_B1_1_ML.hg38.bw,all,hg38,SRR5346324,DRIP,NA,FALSE,hg38,FALSE,DNA,S9.6,51,GSM2537901,Li,HS,ML,BRCA1,BSC107,S9.6,0,None,RES,SRX2642954,DRIP_ML_Li_S9.6_SRX2642954
SRX2642955_DRIPseq_B1_2_Stromal,SRX2642955_DRIPseq_B1_2_Stromal.hg38.bw,all,hg38,SRR5346325,DRIP,NA,FALSE,hg38,FALSE,DNA,S9.6,51,GSM2537902,Li,HS,STR,BRCA1,BSC115,S9.6,0,None,RES,SRX2642955,DRIP_STR_Li_S9.6_SRX2642955
SRX2642956_DRIPseq_B1_2_Basal,SRX2642956_DRIPseq_B1_2_Basal.hg38.bw,all,hg38,SRR5346326,DRIP,NA,FALSE,hg38,FALSE,DNA,S9.6,51,GSM2537903,Li,HS,BE,BRCA1,BSC115,S9.6,0,None,RES,SRX2642956,DRIP_BE_Li_S9.6_SRX2642956
SRX2642957_DRIPseq_B1_2_LP,SRX2642957_DRIPseq_B1_2_LP.hg38.bw,all,hg38,SRR5346327,DRIP,NA,FALSE,hg38,FALSE,DNA,S9.6,51,GSM2537904,Li,HS,LP,BRCA1,BSC115,S9.6,0,None,RES,SRX2642957,DRIP_LP_Li_S9.6_SRX2642957
SRX2642958_DRIPseq_B1_2_ML,SRX2642958_DRIPseq_B1_2_ML.hg38.bw,all,hg38,SRR5346328,DRIP,NA,FALSE,hg38,FALSE,DNA,S9.6,51,GSM2537905,Li,HS,ML,BRCA1,BSC115,S9.6,0,None,RES,SRX2642958,DRIP_ML_Li_S9.6_SRX2642958
SRX2642959_DRIPseq_B1_3_Stromal,SRX2642959_DRIPseq_B1_3_Stromal.hg38.bw,all,hg38,SRR5346329,DRIP,NA,FALSE,hg38,FALSE,DNA,S9.6,51,GSM2537906,Li,HS,STR,BRCA1,BSC120,S9.6,0,None,RES,SRX2642959,DRIP_STR_Li_S9.6_SRX2642959
SRX2642960_DRIPseq_B1_3_Basal,SRX2642960_DRIPseq_B1_3_Basal.hg38.bw,all,hg38,SRR5346330,DRIP,NA,FALSE,hg38,FALSE,DNA,S9.6,51,GSM2537907,Li,HS,BE,BRCA1,BSC120,S9.6,0,None,RES,SRX2642960,DRIP_BE_Li_S9.6_SRX2642960
SRX2642961_DRIPseq_B1_3_LP,SRX2642961_DRIPseq_B1_3_LP.hg38.bw,all,hg38,SRR5346331,DRIP,NA,FALSE,hg38,FALSE,DNA,S9.6,51,GSM2537908,Li,HS,LP,BRCA1,BSC120,S9.6,0,None,RES,SRX2642961,DRIP_LP_Li_S9.6_SRX2642961
SRX2642962_DRIPseq_B1_3_ML,SRX2642962_DRIPseq_B1_3_ML.hg38.bw,all,hg38,SRR5346332,DRIP,NA,FALSE,hg38,FALSE,DNA,S9.6,51,GSM2537909,Li,HS,BL,BRCA1,BSC120,S9.6,0,None,RES,SRX2642962,DRIP_BL_Li_S9.6_SRX2642962
SRX2642963_DRIPseq_B1_4_Stromal,SRX2642963_DRIPseq_B1_4_Stromal.hg38.bw,all,hg38,SRR5346333,DRIP,NA,FALSE,hg38,FALSE,DNA,S9.6,51,GSM2537910,Li,HS,STR,BRCA1,BSC127,S9.6,0,None,RES,SRX2642963,DRIP_STR_Li_S9.6_SRX2642963
SRX2642964_DRIPseq_B1_4_Basal,SRX2642964_DRIPseq_B1_4_Basal.hg38.bw,all,hg38,SRR5346334,DRIP,NA,FALSE,hg38,FALSE,DNA,S9.6,51,GSM2537911,Li,HS,BE,BRCA1,BSC127,S9.6,0,None,RES,SRX2642964,DRIP_BE_Li_S9.6_SRX2642964
SRX2642965_DRIPseq_B1_4_LP,SRX2642965_DRIPseq_B1_4_LP.hg38.bw,all,hg38,SRR5346335,DRIP,NA,FALSE,hg38,FALSE,DNA,S9.6,51,GSM2537912,Li,HS,LP,BRCA1,BSC127,S9.6,0,None,RES,SRX2642965,DRIP_LP_Li_S9.6_SRX2642965
SRX2642966_DRIPseq_B1_4_ML,SRX2642966_DRIPseq_B1_4_ML.hg38.bw,all,hg38,SRR5346336,DRIP,NA,FALSE,hg38,FALSE,DNA,S9.6,51,GSM2537913,Li,HS,ML,BRCA1,BSC127,S9.6,0,None,RES,SRX2642966,DRIP_ML_Li_S9.6_SRX2642966
SRX2642969_DRIPseq_B1_4_LP_RH,SRX2642969_DRIPseq_B1_4_LP_RH.hg38.bw,neg,hg38,SRR5346339,DRIP,NA,FALSE,hg38,FALSE,DNA,S9.6,51,GSM2537916,Li,HS,LP,BRCA1,BSC127,S9.6,0,None,RES,SRX2642969,DRIP_LP_Li_S9.6_SRX2642969
SRX2642970_DRIPseq_B1_4_ML_RH,SRX2642970_DRIPseq_B1_4_ML_RH.hg38.bw,neg,hg38,SRR5346340,DRIP,NA,FALSE,hg38,FALSE,DNA,S9.6,51,GSM2537917,Li,HS,ML,BRCA1,BSC127,S9.6,0,None,RES,SRX2642970,DRIP_ML_Li_S9.6_SRX2642970
SRX2675003_HKE293-D210N-V5ChIP-Rep1,SRX2675003_HKE293-D210N-V5ChIP-Rep1.hg38.bw,all,hg38,SRR5379771,R-ChIP,SRR5379772,FALSE,hg38,TRUE,RNA,RNaseH1,40,GSM2550993,Fu,HS,HEK293T,D210N,NT,V5,0,Input,SON,SRX2675003,R-ChIP_HEK293T_Fu_V5_SRX2675003
SRX2675005_HKE293-D210N-V5ChIP-Rep2,SRX2675005_HKE293-D210N-V5ChIP-Rep2.hg38.bw,all,hg38,SRR5379773,R-ChIP,SRR5379774,FALSE,hg38,TRUE,RNA,RNaseH1,40,GSM2550997,Fu,HS,HEK293T,D210N,NT,V5,0,Input,SON,SRX2675005,R-ChIP_HEK293T_Fu_V5_SRX2675005
SRX2675007_HKE293-D210N-V5ChIP-Rep3,SRX2675007_HKE293-D210N-V5ChIP-Rep3.hg38.bw,all,hg38,SRR5379775,R-ChIP,SRR5379776,FALSE,hg38,TRUE,RNA,RNaseH1,40,GSM2551001,Fu,HS,HEK293T,D210N,NT,V5,0,Input,SON,SRX2675007,R-ChIP_HEK293T_Fu_V5_SRX2675007
SRX2675009_HKE293-WKKD-V5ChIP,SRX2675009_HKE293-WKKD-V5ChIP.hg38.bw,all,hg38,SRR5379777,R-ChIP,SRR5379778,FALSE,hg38,TRUE,RNA,RNaseH1,40,GSM2551004,Fu,HS,HEK293T,WKKD,NT,V5,0,Input,SON,SRX2675009,R-ChIP_HEK293T_Fu_V5_SRX2675009
SRX2675011_HKE293-ΔHC-V5ChIP,SRX2675011_HKE293-ΔHC-V5ChIP.hg38.bw,all,hg38,SRR5379779,R-ChIP,NA,FALSE,hg38,TRUE,RNA,RNaseH1,40,GSM2551006,Fu,HS,HEK293T,delta-HC,NT,V5,0,None,SON,SRX2675011,R-ChIP_HEK293T_Fu_V5_SRX2675011
SRX2675012_K562-D210N-V5ChIP-Rep1,SRX2675012_K562-D210N-V5ChIP-Rep1.hg38.bw,all,hg38,SRR5379780,R-ChIP,SRR5379782,FALSE,hg38,TRUE,RNA,RNaseH1,40,GSM2551007,Fu,HS,K562,D210N,NT,V5,1,Input,SON,SRX2675012,R-ChIP_K562_Fu_V5_SRX2675012
SRX2675013_K562-D210N-V5ChIP-Rep2,SRX2675013_K562-D210N-V5ChIP-Rep2.hg38.bw,all,hg38,SRR5379781,R-ChIP,SRR5379782,FALSE,hg38,TRUE,RNA,RNaseH1,40,GSM2551008,Fu,HS,K562,D210N,NT,V5,2,Input,SON,SRX2675013,R-ChIP_K562_Fu_V5_SRX2675013
SRX2675016_HKE293-DRB--V5ChIP-Rep1,SRX2675016_HKE293-DRB--V5ChIP-Rep1.hg38.bw,all,hg38,SRR5379783,R-ChIP,NA,FALSE,hg38,TRUE,RNA,RNaseH1,40,GSM2551010,Fu,HS,HEK293T,D210N,NT,V5,1,None,SON,SRX2675016,R-ChIP_HEK293T_Fu_V5_SRX2675016
SRX2675017_HKE293-DRB--V5ChIP-Rep2,SRX2675017_HKE293-DRB--V5ChIP-Rep2.hg38.bw,all,hg38,SRR5379785,R-ChIP,NA,FALSE,hg38,TRUE,RNA,RNaseH1,40,GSM2551011,Fu,HS,HEK293T,D210N,NT,V5,2,None,SON,SRX2675017,R-ChIP_HEK293T_Fu_V5_SRX2675017
SRX2675018_HKE293-DRBand-V5ChIP-Rep1,SRX2675018_HKE293-DRBand-V5ChIP-Rep1.hg38.bw,all,hg38,SRR5379786,R-ChIP,NA,FALSE,hg38,TRUE,RNA,RNaseH1,40,GSM2551012,Fu,HS,HEK293T,D210N,DRB,V5,1,None,SON,SRX2675018,R-ChIP_HEK293T_Fu_V5_SRX2675018
SRX2675019_HKE293-DRBand-V5ChIP-Rep2,SRX2675019_HKE293-DRBand-V5ChIP-Rep2.hg38.bw,all,hg38,SRR5379787,R-ChIP,NA,FALSE,hg38,TRUE,RNA,RNaseH1,40,GSM2551013,Fu,HS,HEK293T,D210N,DRB,V5,2,None,SON,SRX2675019,R-ChIP_HEK293T_Fu_V5_SRX2675019
SRX2675020_HKE293-Post-DRB-V5ChIP-Rep1,SRX2675020_HKE293-Post-DRB-V5ChIP-Rep1.hg38.bw,all,hg38,SRR5379788,R-ChIP,NA,FALSE,hg38,TRUE,RNA,RNaseH1,40,GSM2551014,Fu,HS,HEK293T,D210N,post-DRB,V5,1,None,SON,SRX2675020,R-ChIP_HEK293T_Fu_V5_SRX2675020
SRX2675021_HKE293-Post-DRB-V5ChIP-Rep2,SRX2675021_HKE293-Post-DRB-V5ChIP-Rep2.hg38.bw,all,hg38,SRR5379789,R-ChIP,NA,FALSE,hg38,TRUE,RNA,RNaseH1,40,GSM2551015,Fu,HS,HEK293T,D210N,post-DRB,V5,2,None,SON,SRX2675021,R-ChIP_HEK293T_Fu_V5_SRX2675021
SRX2683574_chipseqSRSF2P95H5h_V5_rep1,SRX2683574_chipseqSRSF2P95H5h_V5_rep1.hg38.bw,all,hg38,SRR5388591,R-ChIP,SRR5388589,FALSE,hg38,TRUE,RNA,RNaseH1,40,GSM2559372,Fu,HS,HEK293T,D210N,SRSF2-P95H-DOX,V5,1,Input,SON,SRX2683574,R-ChIP_HEK293T_Fu_V5_SRX2683574
SRX2683575_chipseqSRSF2P95H5h_V5_rep2,SRX2683575_chipseqSRSF2P95H5h_V5_rep2.hg38.bw,all,hg38,SRR5388592,R-ChIP,SRR5388590,FALSE,hg38,TRUE,RNA,RNaseH1,40,GSM2559373,Fu,HS,HEK293T,D210N,SRSF2-P95H-DOX,V5,2,Input,SON,SRX2683575,R-ChIP_HEK293T_Fu_V5_SRX2683575
SRX2683578_chipseqSRSF2P95HCtr_V5_rep1,SRX2683578_chipseqSRSF2P95HCtr_V5_rep1.hg38.bw,all,hg38,SRR5388595,R-ChIP,SRR5388593,FALSE,hg38,TRUE,RNA,RNaseH1,40,GSM2559376,Fu,HS,HEK293T,D210N,SRSF2-P95H-CTR,V5,1,Input,SON,SRX2683578,R-ChIP_HEK293T_Fu_V5_SRX2683578
SRX2683579_chipseqSRSF2P95HCtr_V5_rep2,SRX2683579_chipseqSRSF2P95HCtr_V5_rep2.hg38.bw,all,hg38,SRR5388596,R-ChIP,SRR5388594,FALSE,hg38,TRUE,RNA,RNaseH1,40,GSM2559377,Fu,HS,HEK293T,D210N,SRSF2-P95H-CTR,V5,2,Input,SON,SRX2683579,R-ChIP_HEK293T_Fu_V5_SRX2683579
SRX2683586_chipseqSRSF2WT5h_V5_rep1,SRX2683586_chipseqSRSF2WT5h_V5_rep1.hg38.bw,all,hg38,SRR5388603,R-ChIP,SRR5388601,FALSE,hg38,TRUE,RNA,RNaseH1,40,GSM2559384,Fu,HS,HEK293T,D210N,SRSF2-WT-DOX,V5,1,Input,SON,SRX2683586,R-ChIP_HEK293T_Fu_V5_SRX2683586
SRX2683587_chipseqSRSF2WT5h_V5_rep2,SRX2683587_chipseqSRSF2WT5h_V5_rep2.hg38.bw,all,hg38,SRR5388604,R-ChIP,SRR5388602,FALSE,hg38,TRUE,RNA,RNaseH1,40,GSM2559385,Fu,HS,HEK293T,D210N,SRSF2-WT-DOX,V5,2,Input,SON,SRX2683587,R-ChIP_HEK293T_Fu_V5_SRX2683587
SRX2683590_chipseqSRSF2WTCtr_V5_rep1,SRX2683590_chipseqSRSF2WTCtr_V5_rep1.hg38.bw,all,hg38,SRR5388607,R-ChIP,SRR5388605,FALSE,hg38,TRUE,RNA,RNaseH1,40,GSM2559388,Fu,HS,HEK293T,D210N,SRSF2-WT-CTR,V5,1,Input,SON,SRX2683590,R-ChIP_HEK293T_Fu_V5_SRX2683590
SRX2683591_chipseqSRSF2WTCtr_V5_rep2,SRX2683591_chipseqSRSF2WTCtr_V5_rep2.hg38.bw,all,hg38,SRR5388608,R-ChIP,SRR5388606,FALSE,hg38,TRUE,RNA,RNaseH1,40,GSM2559389,Fu,HS,HEK293T,D210N,SRSF2-WT-CTR,V5,2,Input,SON,SRX2683591,R-ChIP_HEK293T_Fu_V5_SRX2683591
SRX2683594_chipseqU2AF35Q157P5h_V5_rep1,SRX2683594_chipseqU2AF35Q157P5h_V5_rep1.hg38.bw,all,hg38,SRR5388611,R-ChIP,SRR5388613,FALSE,hg38,TRUE,RNA,RNaseH1,40,GSM2559392,Fu,HS,HEK293T,D210N,U2AF-35Q157P-DOX,V5,1,Input,SON,SRX2683594,R-ChIP_HEK293T_Fu_V5_SRX2683594
SRX2683595_chipseqU2AF35Q157P5h_V5_rep2,SRX2683595_chipseqU2AF35Q157P5h_V5_rep2.hg38.bw,all,hg38,SRR5388612,R-ChIP,SRR5388613,FALSE,hg38,TRUE,RNA,RNaseH1,40,GSM2559393,Fu,HS,HEK293T,D210N,U2AF-35Q157P-DOX,V5,2,Input,SON,SRX2683595,R-ChIP_HEK293T_Fu_V5_SRX2683595
SRX2683597_chipseqU2AF35Q157PCtr_V5_rep1,SRX2683597_chipseqU2AF35Q157PCtr_V5_rep1.hg38.bw,all,hg38,SRR5388614,R-ChIP,SRR5388613,FALSE,hg38,TRUE,RNA,RNaseH1,40,GSM2559395,Fu,HS,HEK293T,D210N,U2AF-35Q157P-CTR,V5,1,Input,SON,SRX2683597,R-ChIP_HEK293T_Fu_V5_SRX2683597
SRX2683598_chipseqU2AF35Q157PCtr_V5_rep2,SRX2683598_chipseqU2AF35Q157PCtr_V5_rep2.hg38.bw,all,hg38,SRR5388615,R-ChIP,SRR5388613,FALSE,hg38,TRUE,RNA,RNaseH1,40,GSM2559396,Fu,HS,HEK293T,D210N,U2AF-35Q157P-CTR,V5,2,Input,SON,SRX2683598,R-ChIP_HEK293T_Fu_V5_SRX2683598
SRX2683601_chipseqU2AF35WT5h_V5_rep1,SRX2683601_chipseqU2AF35WT5h_V5_rep1.hg38.bw,all,hg38,SRR5388618,R-ChIP,SRR5388620,FALSE,hg38,TRUE,RNA,RNaseH1,40,GSM2559399,Fu,HS,HEK293T,D210N,U2AF-WT-DOX,V5,1,Input,SON,SRX2683601,R-ChIP_HEK293T_Fu_V5_SRX2683601
SRX2683602_chipseqU2AF35WT5h_V5_rep2,SRX2683602_chipseqU2AF35WT5h_V5_rep2.hg38.bw,all,hg38,SRR5388619,R-ChIP,SRR5388620,FALSE,hg38,TRUE,RNA,RNaseH1,40,GSM2559400,Fu,HS,HEK293T,D210N,U2AF-WT-DOX,V5,2,Input,SON,SRX2683602,R-ChIP_HEK293T_Fu_V5_SRX2683602
SRX2683604_chipseqU2AF35WTCtr_V5_rep1,SRX2683604_chipseqU2AF35WTCtr_V5_rep1.hg38.bw,all,hg38,SRR5388621,R-ChIP,SRR5388620,FALSE,hg38,TRUE,RNA,RNaseH1,40,GSM2559402,Fu,HS,HEK293T,D210N,U2AF-WT-CTR,V5,1,Input,SON,SRX2683604,R-ChIP_HEK293T_Fu_V5_SRX2683604
SRX2683605_chipseqU2AF35WTCtr_V5_rep2,SRX2683605_chipseqU2AF35WTCtr_V5_rep2.hg38.bw,all,hg38,SRR5388622,R-ChIP,SRR5388620,FALSE,hg38,TRUE,RNA,RNaseH1,40,GSM2559403,Fu,HS,HEK293T,D210N,U2AF-WT-CTR,V5,2,Input,SON,SRX2683605,R-ChIP_HEK293T_Fu_V5_SRX2683605
SRX2683608_chipseqU2AF35S34F5h_V5_rep1,SRX2683608_chipseqU2AF35S34F5h_V5_rep1.hg38.bw,all,hg38,SRR5388625,R-ChIP,SRR5388629,FALSE,hg38,TRUE,RNA,RNaseH1,40,GSM2559406,Fu,HS,HEK293T,D210N,U2AF-35S34F-DOX,V5,1,Input,SON,SRX2683608,R-ChIP_HEK293T_Fu_V5_SRX2683608
SRX2683609_chipseqU2AF35S34F5h_V5_rep2,SRX2683609_chipseqU2AF35S34F5h_V5_rep2.hg38.bw,all,hg38,SRR5388626,R-ChIP,SRR5388629,FALSE,hg38,TRUE,RNA,RNaseH1,40,GSM2559407,Fu,HS,HEK293T,D210N,U2AF-35S34F-DOX,V5,2,Input,SON,SRX2683609,R-ChIP_HEK293T_Fu_V5_SRX2683609
SRX2683610_chipseqU2AF35S34FCtr_V5_rep1,SRX2683610_chipseqU2AF35S34FCtr_V5_rep1.hg38.bw,all,hg38,SRR5388627,R-ChIP,SRR5388629,FALSE,hg38,TRUE,RNA,RNaseH1,40,GSM2559408,Fu,HS,HEK293T,D210N,U2AF-35S34F-CTR,V5,1,Input,SON,SRX2683610,R-ChIP_HEK293T_Fu_V5_SRX2683610
SRX2683611_chipseqU2AF35S34FCtr_V5_rep2,SRX2683611_chipseqU2AF35S34FCtr_V5_rep2.hg38.bw,all,hg38,SRR5388628,R-ChIP,SRR5388629,FALSE,hg38,TRUE,RNA,RNaseH1,40,GSM2559409,Fu,HS,HEK293T,D210N,U2AF-35S34F-CTR,V5,2,Input,SON,SRX2683611,R-ChIP_HEK293T_Fu_V5_SRX2683611
SRX2733011_DRIP01,SRX2733011_DRIP01.hg38.bw,all,hg38,SRR5443664,DRIP,NA,TRUE,hg38,FALSE,DNA,S9.6,75.47,GSM2574364,Bushell,HS,U2OS,WT,DMSO-siCTR,S9.6,0,None,AsiSI-SON,SRX2733011,DRIP_U2OS_Bushell_S9.6_SRX2733011
SRX2733012_DRIP02,SRX2733012_DRIP02.hg38.bw,all,hg38,SRR5443665,DRIP,NA,TRUE,hg38,FALSE,DNA,S9.6,75.48,GSM2574365,Bushell,HS,U2OS,WT,4-OHT-siCTR,S9.6,0,None,AsiSI-SON,SRX2733012,DRIP_U2OS_Bushell_S9.6_SRX2733012
SRX2733013_DRIP03,SRX2733013_DRIP03.hg38.bw,all,hg38,SRR5443666,DRIP,NA,TRUE,hg38,FALSE,DNA,S9.6,75.47,GSM2574366,Bushell,HS,U2OS,WT,DMSO-siDrosha,S9.6,0,None,AsiSI-SON,SRX2733013,DRIP_U2OS_Bushell_S9.6_SRX2733013
SRX2733014_DRIP04,SRX2733014_DRIP04.hg38.bw,all,hg38,SRR5443667,DRIP,NA,TRUE,hg38,FALSE,DNA,S9.6,75.47,GSM2574367,Bushell,HS,U2OS,WT,4-OHT-siDrosha,S9.6,0,None,AsiSI-SON,SRX2733014,DRIP_U2OS_Bushell_S9.6_SRX2733014
SRX2831469_Rand_WT_0029,SRX2831469_Rand_WT_0029.dm6.bw,all,dm6,NA,NA,NA,NA,NA,NA,NA,NA,NA,NA,NA,NA,NA,NA,NA,NA,NA,NA,NA,NA,NA
SRX2831471_R-_WT_0029,SRX2831471_R-_WT_0029.dm6.bw,all,dm6,NA,NA,NA,NA,NA,NA,NA,NA,NA,NA,NA,NA,NA,NA,NA,NA,NA,NA,NA,NA,NA
SRX2831472_R-_1_dsH1_0029,SRX2831472_R-_1_dsH1_0029.dm6.bw,all,dm6,NA,NA,NA,NA,NA,NA,NA,NA,NA,NA,NA,NA,NA,NA,NA,NA,NA,NA,NA,NA,NA
SRX2831473_Rand_1_dsH1_0029,SRX2831473_Rand_1_dsH1_0029.dm6.bw,all,dm6,NA,NA,NA,NA,NA,NA,NA,NA,NA,NA,NA,NA,NA,NA,NA,NA,NA,NA,NA,NA,NA
SRX2831475_Rand_WT_0030,SRX2831475_Rand_WT_0030.dm6.bw,all,dm6,NA,NA,NA,NA,NA,NA,NA,NA,NA,NA,NA,NA,NA,NA,NA,NA,NA,NA,NA,NA,NA
SRX2831477_R-_WT_0030,SRX2831477_R-_WT_0030.dm6.bw,all,dm6,NA,NA,NA,NA,NA,NA,NA,NA,NA,NA,NA,NA,NA,NA,NA,NA,NA,NA,NA,NA,NA
SRX2831478_R-_2_dsH1_0030,SRX2831478_R-_2_dsH1_0030.dm6.bw,all,dm6,NA,NA,NA,NA,NA,NA,NA,NA,NA,NA,NA,NA,NA,NA,NA,NA,NA,NA,NA,NA,NA
SRX2831479_Rand_2_dsH1_0030,SRX2831479_Rand_2_dsH1_0030.dm6.bw,all,dm6,NA,NA,NA,NA,NA,NA,NA,NA,NA,NA,NA,NA,NA,NA,NA,NA,NA,NA,NA,NA,NA
SRX2918366_S96_DRIP_Seq_2,SRX2918366_S96_DRIP_Seq_2.hg38.bw,all,hg38,SRR5683211,DRIP,SRR5683212,TRUE,hg38,FALSE,DNA,S9.6,76,GSM2668157,Cimprich,HS,HeLa,WT,siCTR,S9.6,0,Input,RES,SRX2918366,DRIP_HeLa_Cimprich_S9.6_SRX2918366
SRX3084730_Control_DRIP-seq,SRX3084730_Control_DRIP-seq.hg38.bw,all,hg38,SRR5924157,DRIP,NA,FALSE,hg38,FALSE,DNA,S9.6,50,GSM2738369,Chedin,HS,HEK293T,WT,NT,S9.6,0,None,RES,SRX3084730,DRIP_HEK293T_Chedin_S9.6_SRX3084730
SRX3084731_Scramble_DRIP-seq,SRX3084731_Scramble_DRIP-seq.hg38.bw,all,hg38,SRR5924158,DRIP,NA,FALSE,hg38,FALSE,DNA,S9.6,50,GSM2738370,Chedin,HS,HEK293T,WT,siCTR,S9.6,0,None,RES,SRX3084731,DRIP_HEK293T_Chedin_S9.6_SRX3084731
SRX3084732_Top1_KD_rep_1_DRIP-seq,SRX3084732_Top1_KD_rep_1_DRIP-seq.hg38.bw,all,hg38,SRR5924159,DRIP,NA,FALSE,hg38,FALSE,DNA,S9.6,50,GSM2738371,Chedin,HS,HEK293T,WT,siTOP1,S9.6,0,None,RES,SRX3084732,DRIP_HEK293T_Chedin_S9.6_SRX3084732
SRX3084733_Top1_KD_rep_2_DRIP-seq,SRX3084733_Top1_KD_rep_2_DRIP-seq.hg38.bw,all,hg38,SRR5924160,DRIP,NA,FALSE,hg38,FALSE,DNA,S9.6,50,GSM2738372,Chedin,HS,HEK293T,WT,siTOP1,S9.6,0,None,RES,SRX3084733,DRIP_HEK293T_Chedin_S9.6_SRX3084733
SRX3084734_Control_DRIPc-seq,SRX3084734_Control_DRIPc-seq.hg38.bw,all,hg38,SRR5924161,DRIPc,NA,FALSE,hg38,TRUE,RNA,S9.6,100,GSM2738373,Chedin,HS,HEK293T,WT,NT,S9.6,0,None,RES,SRX3084734,DRIPc_HEK293T_Chedin_S9.6_SRX3084734
SRX3084735_Scramble_DRIPc-seq,SRX3084735_Scramble_DRIPc-seq.hg38.bw,all,hg38,SRR5924162,DRIPc,NA,FALSE,hg38,TRUE,RNA,S9.6,100,GSM2738374,Chedin,HS,HEK293T,WT,siCTR,S9.6,0,None,RES,SRX3084735,DRIPc_HEK293T_Chedin_S9.6_SRX3084735
SRX3084736_Top1_KD_rep_1_DRIPc-seq,SRX3084736_Top1_KD_rep_1_DRIPc-seq.hg38.bw,all,hg38,SRR5924163,DRIPc,NA,FALSE,hg38,TRUE,RNA,S9.6,100,GSM2738375,Chedin,HS,HEK293T,WT,siTOP1,S9.6,0,None,RES,SRX3084736,DRIPc_HEK293T_Chedin_S9.6_SRX3084736
SRX3084737_Top1_KD_rep_2_DRIPc-seq,SRX3084737_Top1_KD_rep_2_DRIPc-seq.hg38.bw,all,hg38,SRR5924164,DRIPc,NA,FALSE,hg38,TRUE,RNA,S9.6,100,GSM2738376,Chedin,HS,HEK293T,WT,siTOP1,S9.6,0,None,RES,SRX3084737,DRIPc_HEK293T_Chedin_S9.6_SRX3084737
SRX3581338_drip_ASF_IP_1_1,SRX3581338_drip_ASF_IP_1_1.hg38.bw,all,hg38,SRR6491521,DRIP,SRR6491520,FALSE,hg38,FALSE,DNA,S9.6,51,GSM2891660,Chedin,HS,HeLa,WT,shASF,S9.6,1,Input,RES,SRX3581338,DRIP_HeLa_Chedin_S9.6_SRX3581338
SRX3581339_drip_HeLa_IP_1_1,SRX3581339_drip_HeLa_IP_1_1.hg38.bw,pos,hg38,SRR6491522,DRIP,SRR6491520,FALSE,hg38,FALSE,DNA,S9.6,51,GSM2891661,Chedin,HS,HeLa,WT,shCTR,S9.6,1,Input,RES,SRX3581339,DRIP_HeLa_Chedin_S9.6_SRX3581339
SRX3581340_drip_TOP1_IP_1_1,SRX3581340_drip_TOP1_IP_1_1.hg38.bw,all,hg38,SRR6491523,DRIP,SRR6491520,FALSE,hg38,FALSE,DNA,S9.6,51,GSM2891662,Chedin,HS,HeLa,WT,shTOP1,S9.6,1,Input,RES,SRX3581340,DRIP_HeLa_Chedin_S9.6_SRX3581340
SRX3581342_drip_ASF_IP_2_1,SRX3581342_drip_ASF_IP_2_1.hg38.bw,all,hg38,SRR6491525,DRIP,SRR6491524,FALSE,hg38,FALSE,DNA,S9.6,51,GSM2891664,Chedin,HS,HeLa,WT,shASF,S9.6,2,Input,RES,SRX3581342,DRIP_HeLa_Chedin_S9.6_SRX3581342
SRX3581344_drip_HeLa_IP_2_1,SRX3581344_drip_HeLa_IP_2_1.hg38.bw,pos,hg38,SRR6491528,DRIP,SRR6491526,FALSE,hg38,FALSE,DNA,S9.6,51,GSM2891666,Chedin,HS,HeLa,WT,shCTR,S9.6,2,Input,RES,SRX3581344,DRIP_HeLa_Chedin_S9.6_SRX3581344
SRX3581346_drip_TOP1_IP_2_1,SRX3581346_drip_TOP1_IP_2_1.hg38.bw,all,hg38,SRR6491530,DRIP,SRR6491529,FALSE,hg38,FALSE,DNA,S9.6,51,GSM2891668,Chedin,HS,HeLa,WT,shTOP1,S9.6,2,Input,RES,SRX3581346,DRIP_HeLa_Chedin_S9.6_SRX3581346
SRX4089416_K562-WKKD-V5chip,SRX4089416_K562-WKKD-V5chip.hg38.bw,all,hg38,SRR7171510,R-ChIP,SRR5379782,FALSE,hg38,TRUE,RNA,RNaseH1,40,GSM3143441,Fu,HS,K562,WKKD,NT,V5,0,Input,SON,SRX4089416,R-ChIP_K562_Fu_V5_SRX4089416
SRX4231163_Control_DRIP-seq_1,SRX4231163_Control_DRIP-seq_1.hg38.bw,pos,hg38,SRR7358079,DRIP,SRR10168931,TRUE,hg38,FALSE,DNA,S9.6,150,GSM3196007,Capranico,HS,U2OS,WT,NT,S9.6,1,RNH,RES,SRX4231163,DRIP_U2OS_Capranico_S9.6_SRX4231163
SRX4231164_Control_DRIP-seq_2,SRX4231164_Control_DRIP-seq_2.hg38.bw,pos,hg38,SRR7358080,DRIP,SRR10168931,TRUE,hg38,FALSE,DNA,S9.6,150,GSM3196008,Capranico,HS,U2OS,WT,NT,S9.6,2,RNH,RES,SRX4231164,DRIP_U2OS_Capranico_S9.6_SRX4231164
SRX4231165_FG_DRIP-seq_1,SRX4231165_FG_DRIP-seq_1.hg38.bw,all,hg38,SRR7358081,DRIP,SRR10168932,TRUE,hg38,FALSE,DNA,S9.6,150,GSM3196009,Capranico,HS,U2OS,WT,FG,S9.6,1,RNH,RES,SRX4231165,DRIP_U2OS_Capranico_S9.6_SRX4231165
SRX4231166_FG_DRIP-seq_2,SRX4231166_FG_DRIP-seq_2.hg38.bw,all,hg38,SRR7358082,DRIP,SRR10168932,TRUE,hg38,FALSE,DNA,S9.6,150,GSM3196010,Capranico,HS,U2OS,WT,FG,S9.6,2,RNH,RES,SRX4231166,DRIP_U2OS_Capranico_S9.6_SRX4231166
SRX4231167_PDS_DRIP-seq_1,SRX4231167_PDS_DRIP-seq_1.hg38.bw,all,hg38,SRR7358083,DRIP,SRR10168933,TRUE,hg38,FALSE,DNA,S9.6,150,GSM3196011,Capranico,HS,U2OS,WT,PDS,S9.6,1,RNH,RES,SRX4231167,DRIP_U2OS_Capranico_S9.6_SRX4231167
SRX4231168_PDS_DRIP-seq_2,SRX4231168_PDS_DRIP-seq_2.hg38.bw,all,hg38,SRR7358084,DRIP,SRR10168933,TRUE,hg38,FALSE,DNA,S9.6,150,GSM3196012,Capranico,HS,U2OS,WT,PDS,S9.6,2,RNH,RES,SRX4231168,DRIP_U2OS_Capranico_S9.6_SRX4231168
SRX4457337_DRIP-S96-Bcell,SRX4457337_DRIP-S96-Bcell.hg38.bw,all,hg38,SRR7592279,DRIP,SRR10143747,FALSE,hg38,FALSE,DNA,S9.6,100,GSM3306021,Cheung,HS,B-Cell,WT,NT,S9.6,0,None,SON,SRX4457337,DRIP_B-Cell_Cheung_S9.6_SRX4457337
SRX4671914_S96_DRIP_R1,SRX4671914_S96_DRIP_R1.hg38.bw,pos,hg38,SRR7820749,DRIP,SRR7820751,TRUE,hg38,FALSE,DNA,S9.6,149.46,SRX4671914,Ruzov,HS,iPSCs,WT,NT,S9.6,1,Input,SON,SRX4671914,DRIP_iPSCs_Ruzov_S9.6_SRX4671914
SRX4671915_S96_DRIP_R2,SRX4671915_S96_DRIP_R2.hg38.bw,pos,hg38,SRR7820747,DRIP,SRR7820751,TRUE,hg38,FALSE,DNA,S9.6,149.28,SRX4671915,Ruzov,HS,iPSCs,WT,NT,S9.6,2,Input,SON,SRX4671915,DRIP_iPSCs_Ruzov_S9.6_SRX4671915
SRX4671916_S96_DRIP_RNase_H_R1,SRX4671916_S96_DRIP_RNase_H_R1.hg38.bw,neg,hg38,SRR7820746,DRIP,SRR7820751,TRUE,hg38,FALSE,DNA,S9.6,149.09,SRX4671916,Ruzov,HS,iPSCs,WT,NT,RNaseH1,1,Input,SON,SRX4671916,DRIP_iPSCs_Ruzov_RNaseH1_SRX4671916
SRX4671917_S96_DRIP_RNase_H_R2,SRX4671917_S96_DRIP_RNase_H_R2.hg38.bw,neg,hg38,SRR7820745,DRIP,SRR7820751,TRUE,hg38,FALSE,DNA,S9.6,149.39,SRX4671917,Ruzov,HS,iPSCs,WT,NT,RNaseH1,2,Input,SON,SRX4671917,DRIP_iPSCs_Ruzov_RNaseH1_SRX4671917
SRX4732954_RNADIP_siLUC_rep1,SRX4732954_RNADIP_siLUC_rep1.hg38.bw,all,hg38,SRR7895490,RDIP,NA,FALSE,hg38,TRUE,RNA,S9.6,160,GSM3399098,Proudfoot,HS,HeLa,WT,siLUC,S9.6,1,None,SON,SRX4732954,RDIP_HeLa_Proudfoot_S9.6_SRX4732954
SRX4732955_RNADIP_siSPT6_rep1,SRX4732955_RNADIP_siSPT6_rep1.hg38.bw,all,hg38,SRR7895491,RDIP,NA,FALSE,hg38,TRUE,RNA,S9.6,160,GSM3399099,Proudfoot,HS,HeLa,WT,siSPT6,S9.6,1,None,SON,SRX4732955,RDIP_HeLa_Proudfoot_S9.6_SRX4732955
SRX4732956_RNADIP_siLUC_rep2,SRX4732956_RNADIP_siLUC_rep2.hg38.bw,all,hg38,SRR7895492,RDIP,NA,FALSE,hg38,TRUE,RNA,S9.6,85,GSM3399100,Proudfoot,HS,HeLa,WT,siLUC,S9.6,2,None,SON,SRX4732956,RDIP_HeLa_Proudfoot_S9.6_SRX4732956
SRX4732957_RNADIP_siSPT6_rep2,SRX4732957_RNADIP_siSPT6_rep2.hg38.bw,all,hg38,SRR7895493,RDIP,NA,FALSE,hg38,TRUE,RNA,S9.6,85,GSM3399101,Proudfoot,HS,HeLa,WT,siSPT6,S9.6,2,None,SON,SRX4732957,RDIP_HeLa_Proudfoot_S9.6_SRX4732957
SRX4776615_MapR_293_rep1,SRX4776615_MapR_293_rep1.hg38.bw,all,hg38,SRR7942332,MapR,SRR7942333,TRUE,hg38,FALSE,RNA,RNaseH1,38,GSM3406747,Sarma,HS,HEK293T,WT,NT,dRNH,1,Input,MNase,SRX4776615,MapR_HEK293T_Sarma_dRNH_SRX4776615
SRX4776617_MapR_293_rep2_tech1,SRX4776617_MapR_293_rep2_tech1.hg38.bw,all,hg38,SRR7942334,MapR,SRR7942336,TRUE,hg38,FALSE,RNA,RNaseH1,38,GSM3406749,Sarma,HS,HEK293T,WT,NT,dRNH,2a,Input,MNase,SRX4776617,MapR_HEK293T_Sarma_dRNH_SRX4776617
SRX4776618_MapR_293_rep2_tech2,SRX4776618_MapR_293_rep2_tech2.hg38.bw,all,hg38,SRR7942335,MapR,SRR7942337,TRUE,hg38,FALSE,RNA,RNaseH1,38,GSM3406750,Sarma,HS,HEK293T,WT,NT,dRNH,2b,Input,MNase,SRX4776618,MapR_HEK293T_Sarma_dRNH_SRX4776618
SRX4776621_MapR_293_rep3,SRX4776621_MapR_293_rep3.hg38.bw,all,hg38,SRR7942338,MapR,SRR7942339,TRUE,hg38,FALSE,RNA,RNaseH1,38,GSM3406753,Sarma,HS,HEK293T,WT,NT,dRNH,3,Input,MNase,SRX4776621,MapR_HEK293T_Sarma_dRNH_SRX4776621
SRX4776623_RHdcatCnR_293_rep1,SRX4776623_RHdcatCnR_293_rep1.hg38.bw,all,hg38,SRR7942340,RNH-CnR,SRR7942341,TRUE,hg38,FALSE,RNA,RNaseH1,38,GSM3406755,Sarma,HS,HEK293T,RNHdFLAG,NT,FLAG,1,Input,MNase,SRX4776623,RNH-CnR_HEK293T_Sarma_FLAG_SRX4776623
SRX4776625_RHdcatCnR_293_rep2,SRX4776625_RHdcatCnR_293_rep2.hg38.bw,all,hg38,SRR7942342,RNH-CnR,SRR7942343,TRUE,hg38,FALSE,RNA,RNaseH1,38,GSM3406757,Sarma,HS,HEK293T,RNHdFLAG,NT,FLAG,2,Input,MNase,SRX4776625,RNH-CnR_HEK293T_Sarma_FLAG_SRX4776625
SRX4776627_RHdcatCnR_293_rep3,SRX4776627_RHdcatCnR_293_rep3.hg38.bw,all,hg38,SRR7942344,RNH-CnR,NA,TRUE,hg38,FALSE,RNA,RNaseH1,38,GSM3406759,Sarma,HS,HEK293T,RNHdFLAG,NT,FLAG,3,None,MNase,SRX4776627,RNH-CnR_HEK293T_Sarma_FLAG_SRX4776627
SRX4776628_MapR_293_RH_rep1,SRX4776628_MapR_293_RH_rep1.hg38.bw,neg,hg38,SRR7942345,MapR,SRR7942346,TRUE,hg38,FALSE,RNA,RNaseH1,38,GSM3406760,Sarma,HS,HEK293T,WT,exoRNH,dRNH,1,Input,MNase,SRX4776628,MapR_HEK293T_Sarma_dRNH_SRX4776628
SRX4776630_MapR_293_RH_rep2,SRX4776630_MapR_293_RH_rep2.hg38.bw,neg,hg38,SRR7942347,MapR,SRR7942348,TRUE,hg38,FALSE,RNA,RNaseH1,38,GSM3406762,Sarma,HS,HEK293T,WT,exoRNH,dRNH,2,Input,MNase,SRX4776630,MapR_HEK293T_Sarma_dRNH_SRX4776630
SRX4776632_MapR_293_ActD_rep1,SRX4776632_MapR_293_ActD_rep1.hg38.bw,all,hg38,SRR7942349,MapR,SRR7942350,TRUE,hg38,FALSE,RNA,RNaseH1,38,GSM3406764,Sarma,HS,HEK293T,WT,ActD,dRNH,1,Input,MNase,SRX4776632,MapR_HEK293T_Sarma_dRNH_SRX4776632
SRX4776634_MapR_293_ActD_rep2,SRX4776634_MapR_293_ActD_rep2.hg38.bw,all,hg38,SRR7942351,MapR,SRR7942352,TRUE,hg38,FALSE,RNA,RNaseH1,38,GSM3406766,Sarma,HS,HEK293T,WT,ActD,dRNH,2,Input,MNase,SRX4776634,MapR_HEK293T_Sarma_dRNH_SRX4776634
SRX4776636_MapR_U87T_rep1_tech1,SRX4776636_MapR_U87T_rep1_tech1.hg38.bw,all,hg38,SRR7942353,MapR,SRR7942355,TRUE,hg38,FALSE,RNA,RNaseH1,38,GSM3406768,Sarma,HS,U87T,WT,NT,dRNH,1a,Input,MNase,SRX4776636,MapR_U87T_Sarma_dRNH_SRX4776636
SRX4776637_MapR_U87T_rep1_tech2,SRX4776637_MapR_U87T_rep1_tech2.hg38.bw,all,hg38,SRR7942354,MapR,SRR7942356,TRUE,hg38,FALSE,RNA,RNaseH1,38,GSM3406769,Sarma,HS,U87T,WT,NT,dRNH,1b,Input,MNase,SRX4776637,MapR_U87T_Sarma_dRNH_SRX4776637
SRX4776640_MapR_U87T_rep2,SRX4776640_MapR_U87T_rep2.hg38.bw,all,hg38,SRR7942357,MapR,SRR7942358,TRUE,hg38,FALSE,RNA,RNaseH1,38,GSM3406772,Sarma,HS,U87T,WT,NT,dRNH,2,Input,MNase,SRX4776640,MapR_U87T_Sarma_dRNH_SRX4776640
SRX4776642_MapR_U87T_100K,SRX4776642_MapR_U87T_100K.hg38.bw,all,hg38,SRR7942359,MapR,SRR7942360,TRUE,hg38,FALSE,RNA,RNaseH1,38,GSM3406774,Sarma,HS,U87T,WT,NT100K,dRNH,0,Input,MNase,SRX4776642,MapR_U87T_Sarma_dRNH_SRX4776642
SRX4776644_MapR_U87T_RH_rep1,SRX4776644_MapR_U87T_RH_rep1.hg38.bw,neg,hg38,SRR7942361,MapR,SRR7942362,TRUE,hg38,FALSE,RNA,RNaseH1,38,GSM3406776,Sarma,HS,U87T,WT,exoRNH,dRNH,1,Input,MNase,SRX4776644,MapR_U87T_Sarma_dRNH_SRX4776644
SRX4776646_MapR_U87T_RH_rep2,SRX4776646_MapR_U87T_RH_rep2.hg38.bw,neg,hg38,SRR7942363,MapR,SRR7942364,TRUE,hg38,FALSE,RNA,RNaseH1,38,GSM3406778,Sarma,HS,U87T,WT,exoRNH,dRNH,2,Input,MNase,SRX4776646,MapR_U87T_Sarma_dRNH_SRX4776646
SRX4776648_MapR_U87T_ActD_rep1,SRX4776648_MapR_U87T_ActD_rep1.hg38.bw,all,hg38,SRR7942365,MapR,SRR7942366,TRUE,hg38,FALSE,RNA,RNaseH1,38,GSM3406780,Sarma,HS,U87T,WT,ActD,dRNH,1,Input,MNase,SRX4776648,MapR_U87T_Sarma_dRNH_SRX4776648
SRX4776650_MapR_U87T_ActD_rep2,SRX4776650_MapR_U87T_ActD_rep2.hg38.bw,all,hg38,SRR7942367,MapR,SRR7942368,TRUE,hg38,FALSE,RNA,RNaseH1,38,GSM3406782,Sarma,HS,U87T,WT,ActD,dRNH,2,Input,MNase,SRX4776650,MapR_U87T_Sarma_dRNH_SRX4776650
SRX5129661_U2OS_siCTRL,NA,NA,NA,SRR8316960,DRIP,SRR8316961,FALSE,hg38,FALSE,DNA,S9.6,50,SRX5129661,Liu,HS,U2OS,WT,siCTR,S9.6,NA,RNH,SON,SRX5129661,DRIP_U2OS_Liu_S9.6_SRX5129661
SRX5129663_U2OS_siRTEL1,NA,NA,NA,SRR8316958,DRIP,SRR8316959,FALSE,hg38,FALSE,DNA,S9.6,50,SRX5129663,Liu,HS,U2OS,WT,siRTEL1,S9.6,NA,RNH,SON,SRX5129663,DRIP_U2OS_Liu_S9.6_SRX5129663
SRX5129665_U2OS_siRTEL1_APH,NA,NA,NA,SRR8316956,DRIP,SRR8316957,FALSE,hg38,FALSE,DNA,S9.6,50,SRX5129665,Liu,HS,U2OS,WT,siRTEL1-APH,S9.6,NA,RNH,SON,SRX5129665,DRIP_U2OS_Liu_S9.6_SRX5129665
SRX5290925_OSKM-D0-DRIPseq-rep1,SRX5290925_OSKM-D0-DRIPseq-rep1.mm10.bw,all,mm10,NA,NA,NA,NA,NA,NA,NA,NA,NA,NA,NA,NA,NA,NA,NA,NA,NA,NA,NA,NA,NA
SRX5290926_OSKM-D0-DRIPseq-rep2,SRX5290926_OSKM-D0-DRIPseq-rep2.mm10.bw,all,mm10,NA,NA,NA,NA,NA,NA,NA,NA,NA,NA,NA,NA,NA,NA,NA,NA,NA,NA,NA,NA,NA
SRX5290927_OSKM-D1-DRIPseq-rep1,SRX5290927_OSKM-D1-DRIPseq-rep1.mm10.bw,all,mm10,NA,NA,NA,NA,NA,NA,NA,NA,NA,NA,NA,NA,NA,NA,NA,NA,NA,NA,NA,NA,NA
SRX5290928_OSKM-D1-DRIPseq-rep2,SRX5290928_OSKM-D1-DRIPseq-rep2.mm10.bw,all,mm10,NA,NA,NA,NA,NA,NA,NA,NA,NA,NA,NA,NA,NA,NA,NA,NA,NA,NA,NA,NA,NA
SRX5290929_OSKM-D3-DRIPseq-rep1,SRX5290929_OSKM-D3-DRIPseq-rep1.mm10.bw,all,mm10,NA,NA,NA,NA,NA,NA,NA,NA,NA,NA,NA,NA,NA,NA,NA,NA,NA,NA,NA,NA,NA
SRX5290930_OSKM-D3-DRIPseq-rep2,SRX5290930_OSKM-D3-DRIPseq-rep2.mm10.bw,all,mm10,NA,NA,NA,NA,NA,NA,NA,NA,NA,NA,NA,NA,NA,NA,NA,NA,NA,NA,NA,NA,NA
SRX5290931_OSKM-D5-DRIPseq-rep1,SRX5290931_OSKM-D5-DRIPseq-rep1.mm10.bw,all,mm10,NA,NA,NA,NA,NA,NA,NA,NA,NA,NA,NA,NA,NA,NA,NA,NA,NA,NA,NA,NA,NA
SRX5290932_OSKM-D5-DRIPseq-rep2,SRX5290932_OSKM-D5-DRIPseq-rep2.mm10.bw,all,mm10,NA,NA,NA,NA,NA,NA,NA,NA,NA,NA,NA,NA,NA,NA,NA,NA,NA,NA,NA,NA,NA
SRX5290933_OSKM-D7-DRIPseq-rep1,SRX5290933_OSKM-D7-DRIPseq-rep1.mm10.bw,all,mm10,NA,NA,NA,NA,NA,NA,NA,NA,NA,NA,NA,NA,NA,NA,NA,NA,NA,NA,NA,NA,NA
SRX5290934_OSKM-D7-DRIPseq-rep2,SRX5290934_OSKM-D7-DRIPseq-rep2.mm10.bw,all,mm10,NA,NA,NA,NA,NA,NA,NA,NA,NA,NA,NA,NA,NA,NA,NA,NA,NA,NA,NA,NA,NA
SRX5290935_OSKM-iPSC-DRIPseq-rep1,SRX5290935_OSKM-iPSC-DRIPseq-rep1.mm10.bw,all,mm10,NA,NA,NA,NA,NA,NA,NA,NA,NA,NA,NA,NA,NA,NA,NA,NA,NA,NA,NA,NA,NA
SRX5290936_OSKM-iPSC-DRIPseq-rep2,SRX5290936_OSKM-iPSC-DRIPseq-rep2.mm10.bw,all,mm10,NA,NA,NA,NA,NA,NA,NA,NA,NA,NA,NA,NA,NA,NA,NA,NA,NA,NA,NA,NA,NA
SRX5290937_OSKM-D209N-D1-DRIPseq-rep1,SRX5290937_OSKM-D209N-D1-DRIPseq-rep1.mm10.bw,all,mm10,NA,NA,NA,NA,NA,NA,NA,NA,NA,NA,NA,NA,NA,NA,NA,NA,NA,NA,NA,NA,NA
SRX5290938_OSKM-D209N-D1-DRIPseq-rep2,SRX5290938_OSKM-D209N-D1-DRIPseq-rep2.mm10.bw,all,mm10,NA,NA,NA,NA,NA,NA,NA,NA,NA,NA,NA,NA,NA,NA,NA,NA,NA,NA,NA,NA,NA
SRX5290939_OSKM-D209N-D3-DRIPseq-rep1,SRX5290939_OSKM-D209N-D3-DRIPseq-rep1.mm10.bw,all,mm10,NA,NA,NA,NA,NA,NA,NA,NA,NA,NA,NA,NA,NA,NA,NA,NA,NA,NA,NA,NA,NA
SRX5290940_OSKM-D209N-D3-DRIPseq-rep2,SRX5290940_OSKM-D209N-D3-DRIPseq-rep2.mm10.bw,all,mm10,NA,NA,NA,NA,NA,NA,NA,NA,NA,NA,NA,NA,NA,NA,NA,NA,NA,NA,NA,NA,NA
SRX5290941_OSKM-D209N-D7-DRIPseq-rep1,SRX5290941_OSKM-D209N-D7-DRIPseq-rep1.mm10.bw,all,mm10,NA,NA,NA,NA,NA,NA,NA,NA,NA,NA,NA,NA,NA,NA,NA,NA,NA,NA,NA,NA,NA
SRX5290942_OSKM-D209N-D7-DRIPseq-rep2,SRX5290942_OSKM-D209N-D7-DRIPseq-rep2.mm10.bw,all,mm10,NA,NA,NA,NA,NA,NA,NA,NA,NA,NA,NA,NA,NA,NA,NA,NA,NA,NA,NA,NA,NA
SRX5290943_OSKM-RNaseH1-D1-DRIPseq-rep1,SRX5290943_OSKM-RNaseH1-D1-DRIPseq-rep1.mm10.bw,neg,mm10,NA,NA,NA,NA,NA,NA,NA,NA,NA,NA,NA,NA,NA,NA,NA,NA,NA,NA,NA,NA,NA
SRX5290944_OSKM-RNaseH1-D1-DRIPseq-rep2,SRX5290944_OSKM-RNaseH1-D1-DRIPseq-rep2.mm10.bw,neg,mm10,NA,NA,NA,NA,NA,NA,NA,NA,NA,NA,NA,NA,NA,NA,NA,NA,NA,NA,NA,NA,NA
SRX5290945_OSKM-RNaseH1-D3-DRIPseq-rep1,SRX5290945_OSKM-RNaseH1-D3-DRIPseq-rep1.mm10.bw,neg,mm10,NA,NA,NA,NA,NA,NA,NA,NA,NA,NA,NA,NA,NA,NA,NA,NA,NA,NA,NA,NA,NA
SRX5290946_OSKM-RNaseH1-D3-DRIPseq-rep2,SRX5290946_OSKM-RNaseH1-D3-DRIPseq-rep2.mm10.bw,neg,mm10,NA,NA,NA,NA,NA,NA,NA,NA,NA,NA,NA,NA,NA,NA,NA,NA,NA,NA,NA,NA,NA
SRX5290947_OSKM-RNaseH1-D7-DRIPseq-rep1,SRX5290947_OSKM-RNaseH1-D7-DRIPseq-rep1.mm10.bw,neg,mm10,NA,NA,NA,NA,NA,NA,NA,NA,NA,NA,NA,NA,NA,NA,NA,NA,NA,NA,NA,NA,NA
SRX5290948_OSKM-RNaseH1-D7-DRIPseq-rep2,SRX5290948_OSKM-RNaseH1-D7-DRIPseq-rep2.mm10.bw,neg,mm10,NA,NA,NA,NA,NA,NA,NA,NA,NA,NA,NA,NA,NA,NA,NA,NA,NA,NA,NA,NA,NA
SRX5290949_OSKM-FLAG-D1-DRIPseq-rep1,SRX5290949_OSKM-FLAG-D1-DRIPseq-rep1.mm10.bw,all,mm10,NA,NA,NA,NA,NA,NA,NA,NA,NA,NA,NA,NA,NA,NA,NA,NA,NA,NA,NA,NA,NA
SRX5290950_OSKM-FLAG-D1-DRIPseq-rep2,SRX5290950_OSKM-FLAG-D1-DRIPseq-rep2.mm10.bw,all,mm10,NA,NA,NA,NA,NA,NA,NA,NA,NA,NA,NA,NA,NA,NA,NA,NA,NA,NA,NA,NA,NA
SRX5290951_OSKM-FLAG-D3-DRIPseq-rep1,SRX5290951_OSKM-FLAG-D3-DRIPseq-rep1.mm10.bw,all,mm10,NA,NA,NA,NA,NA,NA,NA,NA,NA,NA,NA,NA,NA,NA,NA,NA,NA,NA,NA,NA,NA
SRX5290952_OSKM-FLAG-D3-DRIPseq-rep2,SRX5290952_OSKM-FLAG-D3-DRIPseq-rep2.mm10.bw,all,mm10,NA,NA,NA,NA,NA,NA,NA,NA,NA,NA,NA,NA,NA,NA,NA,NA,NA,NA,NA,NA,NA
SRX5290953_OSKM-FLAG-D7-DRIPseq-rep1,SRX5290953_OSKM-FLAG-D7-DRIPseq-rep1.mm10.bw,all,mm10,NA,NA,NA,NA,NA,NA,NA,NA,NA,NA,NA,NA,NA,NA,NA,NA,NA,NA,NA,NA,NA
SRX5290954_OSKM-FLAG-D7-DRIPseq-rep2,SRX5290954_OSKM-FLAG-D7-DRIPseq-rep2.mm10.bw,all,mm10,NA,NA,NA,NA,NA,NA,NA,NA,NA,NA,NA,NA,NA,NA,NA,NA,NA,NA,NA,NA,NA
SRX5290955_RNaseHtreat-DRIPseq-rep1,SRX5290955_RNaseHtreat-DRIPseq-rep1.mm10.bw,neg,mm10,NA,NA,NA,NA,NA,NA,NA,NA,NA,NA,NA,NA,NA,NA,NA,NA,NA,NA,NA,NA,NA
SRX5290956_RNaseHtreat-DRIPseq-rep2,SRX5290956_RNaseHtreat-DRIPseq-rep2.mm10.bw,neg,mm10,NA,NA,NA,NA,NA,NA,NA,NA,NA,NA,NA,NA,NA,NA,NA,NA,NA,NA,NA,NA,NA
SRX5290957_OSKM-D9-DRIPseq,SRX5290957_OSKM-D9-DRIPseq.mm10.bw,all,mm10,NA,NA,NA,NA,NA,NA,NA,NA,NA,NA,NA,NA,NA,NA,NA,NA,NA,NA,NA,NA,NA
SRX5290958_OKM-D9-DRIPseq,SRX5290958_OKM-D9-DRIPseq.mm10.bw,all,mm10,NA,NA,NA,NA,NA,NA,NA,NA,NA,NA,NA,NA,NA,NA,NA,NA,NA,NA,NA,NA,NA
SRX534094_Control_1_DRIP-seq,SRX534094_Control_1_DRIP-seq.hg38.bw,all,hg38,SRR1272444,DRIP,SRR1272443,FALSE,hg38,FALSE,DNA,S9.6,100,GSM1380854,Chedin,HS,Fibroblast,WT,Healthy,S9.6,0,Input,RES,SRX534094,DRIP_Fibroblast_Chedin_S9.6_SRX534094
SRX534095_AGS1_P1_DRIP-seq,SRX534095_AGS1_P1_DRIP-seq.hg38.bw,all,hg38,SRR1272445,DRIP,SRR1272443,FALSE,hg38,FALSE,DNA,S9.6,100,GSM1380855,Chedin,HS,Fibroblast,TREX1,AGS1-P1,S9.6,0,Input,RES,SRX534095,DRIP_Fibroblast_Chedin_S9.6_SRX534095
SRX534096_AGS2_P1_DRIP-seq,SRX534096_AGS2_P1_DRIP-seq.hg38.bw,all,hg38,SRR1272446,DRIP,SRR1272443,FALSE,hg38,FALSE,DNA,S9.6,45.42,GSM1380856,Chedin,HS,Fibroblast,RNASEH2B,AGS2-P1,S9.6,0,Input,RES,SRX534096,DRIP_Fibroblast_Chedin_S9.6_SRX534096
SRX534097_AGS2_P2_DRIP-seq,SRX534097_AGS2_P2_DRIP-seq.hg38.bw,all,hg38,SRR1272447,DRIP,SRR1272443,FALSE,hg38,FALSE,DNA,S9.6,100,GSM1380857,Chedin,HS,Fibroblast,RNASEH2B,AGS2-P2,S9.6,0,Input,RES,SRX534097,DRIP_Fibroblast_Chedin_S9.6_SRX534097
SRX534098_AGS4_P1_DRIP-seq,SRX534098_AGS4_P1_DRIP-seq.hg38.bw,all,hg38,SRR1272448,DRIP,SRR1272443,FALSE,hg38,FALSE,DNA,S9.6,44.81,GSM1380858,Chedin,HS,Fibroblast,RNASEH2A,AGS4-P1,S9.6,0,Input,RES,SRX534098,DRIP_Fibroblast_Chedin_S9.6_SRX534098
SRX534099_AGS4_P2_DRIP-seq,SRX534099_AGS4_P2_DRIP-seq.hg38.bw,all,hg38,SRR1272449,DRIP,SRR1272443,FALSE,hg38,FALSE,DNA,S9.6,100,GSM1380859,Chedin,HS,Fibroblast,RNASEH2A,AGS4-P2,S9.6,0,Input,RES,SRX534099,DRIP_Fibroblast_Chedin_S9.6_SRX534099
SRX534100_AGS5_P1_DRIP-seq,SRX534100_AGS5_P1_DRIP-seq.hg38.bw,all,hg38,SRR1272450,DRIP,SRR1272443,FALSE,hg38,FALSE,DNA,S9.6,100,GSM1380860,Chedin,HS,Fibroblast,SAMHD1,AGS5-P1,S9.6,0,Input,RES,SRX534100,DRIP_Fibroblast_Chedin_S9.6_SRX534100
SRX5443751_2-6H_DRIP-seq_rep_a,SRX5443751_2-6H_DRIP-seq_rep_a.dm6.bw,all,dm6,NA,NA,NA,NA,NA,NA,NA,NA,NA,NA,NA,NA,NA,NA,NA,NA,NA,NA,NA,NA,NA
SRX5443752_2-6H_DRIP-seq_rep_b,SRX5443752_2-6H_DRIP-seq_rep_b.dm6.bw,all,dm6,NA,NA,NA,NA,NA,NA,NA,NA,NA,NA,NA,NA,NA,NA,NA,NA,NA,NA,NA,NA,NA
SRX5443753_2-6H_RNaseH_DRIP-seq_rep_a,SRX5443753_2-6H_RNaseH_DRIP-seq_rep_a.dm6.bw,neg,dm6,NA,NA,NA,NA,NA,NA,NA,NA,NA,NA,NA,NA,NA,NA,NA,NA,NA,NA,NA,NA,NA
SRX5443754_2-6H_RNaseH_DRIP-seq_rep_b,SRX5443754_2-6H_RNaseH_DRIP-seq_rep_b.dm6.bw,neg,dm6,NA,NA,NA,NA,NA,NA,NA,NA,NA,NA,NA,NA,NA,NA,NA,NA,NA,NA,NA,NA,NA
SRX5443757_10-14H_DRIP-seq_rep_a,SRX5443757_10-14H_DRIP-seq_rep_a.dm6.bw,all,dm6,NA,NA,NA,NA,NA,NA,NA,NA,NA,NA,NA,NA,NA,NA,NA,NA,NA,NA,NA,NA,NA
SRX5443758_10-14H_DRIP-seq_rep_b,SRX5443758_10-14H_DRIP-seq_rep_b.dm6.bw,all,dm6,NA,NA,NA,NA,NA,NA,NA,NA,NA,NA,NA,NA,NA,NA,NA,NA,NA,NA,NA,NA,NA
SRX5443759_10-14H_RNaseH_DRIP-seq_rep_a,SRX5443759_10-14H_RNaseH_DRIP-seq_rep_a.dm6.bw,neg,dm6,NA,NA,NA,NA,NA,NA,NA,NA,NA,NA,NA,NA,NA,NA,NA,NA,NA,NA,NA,NA,NA
SRX5443760_10-14H_RNaseH_DRIP-seq_rep_b,SRX5443760_10-14H_RNaseH_DRIP-seq_rep_b.dm6.bw,neg,dm6,NA,NA,NA,NA,NA,NA,NA,NA,NA,NA,NA,NA,NA,NA,NA,NA,NA,NA,NA,NA,NA
SRX5443763_S2_DRIP-seq_rep_a,SRX5443763_S2_DRIP-seq_rep_a.dm6.bw,all,dm6,NA,NA,NA,NA,NA,NA,NA,NA,NA,NA,NA,NA,NA,NA,NA,NA,NA,NA,NA,NA,NA
SRX5443764_GEO_accession_GSM3634009_is_currently_private_and_is_scheduled_to_be_released_on_Feb_03_2020,SRX5443764_GEO_accession_GSM3634009_is_currently_private_and_is_scheduled_to_be_released_on_Feb_03_2020.dm6.bw,all,dm6,NA,NA,NA,NA,NA,NA,NA,NA,NA,NA,NA,NA,NA,NA,NA,NA,NA,NA,NA,NA,NA
SRX5443765_GEO_accession_GSM3634010_is_currently_private_and_is_scheduled_to_be_released_on_Feb_03_2020,SRX5443765_GEO_accession_GSM3634010_is_currently_private_and_is_scheduled_to_be_released_on_Feb_03_2020.dm6.bw,all,dm6,NA,NA,NA,NA,NA,NA,NA,NA,NA,NA,NA,NA,NA,NA,NA,NA,NA,NA,NA,NA,NA
SRX5443766_GEO_accession_GSM3634011_is_currently_private_and_is_scheduled_to_be_released_on_Feb_03_2020,SRX5443766_GEO_accession_GSM3634011_is_currently_private_and_is_scheduled_to_be_released_on_Feb_03_2020.dm6.bw,all,dm6,NA,NA,NA,NA,NA,NA,NA,NA,NA,NA,NA,NA,NA,NA,NA,NA,NA,NA,NA,NA,NA
SRX550078_Control_3_DRIP-seq,SRX550078_Control_3_DRIP-seq.hg38.bw,all,hg38,SRR1295464,DRIP,SRR1272443,FALSE,hg38,FALSE,DNA,S9.6,44,GSM1395356,Chedin,HS,Fibroblast,WT,Healthy,S9.6,0,Input,RES,SRX550078,DRIP_Fibroblast_Chedin_S9.6_SRX550078
SRX5547605_Replicate_1_RR-ChIP_seq_D210N,SRX5547605_Replicate_1_RR-ChIP_seq_D210N.hg38.bw,all,hg38,SRR8756903,RR-ChIP,SRR10045351,TRUE,hg38,TRUE,RNA,RNaseH1,41.49,GSM3681019,Proudfoot,HS,HeLa,RNHGFP,NT,D210N,1,Input,NA,SRX5547605,RR-ChIP_HeLa_Proudfoot_D210N_SRX5547605
SRX5547606_Replicate_2_RR-ChIP_seq_D210N,SRX5547606_Replicate_2_RR-ChIP_seq_D210N.hg38.bw,all,hg38,SRR8756904,RR-ChIP,SRR10045353,TRUE,hg38,TRUE,RNA,RNaseH1,41.49,GSM3681020,Proudfoot,HS,HeLa,RNHGFP,NT,D210N,2,Input,SON,SRX5547606,RR-ChIP_HeLa_Proudfoot_D210N_SRX5547606
SRX5547607_RR-ChIP_seq_WKKD,SRX5547607_RR-ChIP_seq_WKKD.hg38.bw,all,hg38,SRR11596276,RR-ChIP,NA,TRUE,hg38,TRUE,RNA,RNaseH1,41.53,GSM3681021,Proudfoot,HS,HeLa,RNHGFP,NT,WKKD,0,None,SON,SRX5547607,RR-ChIP_HeLa_Proudfoot_WKKD_SRX5547607
SRX5696400_U2OS_siCTRL,SRX5696400_U2OS_siCTRL.hg38.bw,all,hg38,SRR8914946,DRIP,SRR8914947,FALSE,hg38,FALSE,DNA,S9.6,50,GSM3724905,Liu,HS,U2OS,WT,siCTR,S9.6,0,RNH,SON,SRX5696400,DRIP_U2OS_Liu_S9.6_SRX5696400
SRX5696401_U2OS_siCTRL_RNaseH,SRX5696401_U2OS_siCTRL_RNaseH.hg38.bw,neg,hg38,NA,NA,NA,NA,NA,NA,NA,NA,NA,NA,NA,NA,NA,NA,NA,NA,NA,NA,NA,NA,NA
SRX5696402_U2OS_siRTEL1,SRX5696402_U2OS_siRTEL1.hg38.bw,all,hg38,SRR8914948,DRIP,SRR8914949,FALSE,hg38,FALSE,DNA,S9.6,50,GSM3724907,Liu,HS,U2OS,WT,siRTEL1,S9.6,0,RNH,SON,SRX5696402,DRIP_U2OS_Liu_S9.6_SRX5696402
SRX5696403_U2OS_siRTEL1_RNaseH,SRX5696403_U2OS_siRTEL1_RNaseH.hg38.bw,neg,hg38,NA,NA,NA,NA,NA,NA,NA,NA,NA,NA,NA,NA,NA,NA,NA,NA,NA,NA,NA,NA,NA
SRX5696404_U2OS_siRTEL1_APH,SRX5696404_U2OS_siRTEL1_APH.hg38.bw,all,hg38,SRR8914950,DRIP,SRR8914951,FALSE,hg38,FALSE,DNA,S9.6,50,GSM3724909,Liu,HS,U2OS,WT,siRTEL1-APH,S9.6,0,RNH,SON,SRX5696404,DRIP_U2OS_Liu_S9.6_SRX5696404
SRX5696405_U2OS_siRTEL1_APH_RNaseH,SRX5696405_U2OS_siRTEL1_APH_RNaseH.hg38.bw,neg,hg38,NA,NA,NA,NA,NA,NA,NA,NA,NA,NA,NA,NA,NA,NA,NA,NA,NA,NA,NA,NA,NA
SRX5729069_LS72E_PATC53_sDRIP-seq_DMSO_1day,SRX5729069_LS72E_PATC53_sDRIP-seq_DMSO_1day.hg38.bw,all,hg38,SRR8949081,sDRIP,NA,FALSE,hg38,TRUE,DNA,S9.6,101,GSM3734314,Chedin,HS,PATC53,WT,DMSO 1d,S9.6,NA,None,SON,SRX5729069,sDRIP_PATC53_Chedin_S9.6_SRX5729069
SRX5729070_LS72G_PATC53_sDRIP-seq_DMSO_3day,SRX5729070_LS72G_PATC53_sDRIP-seq_DMSO_3day.hg38.bw,all,hg38,SRR8949082,sDRIP,NA,FALSE,hg38,TRUE,DNA,S9.6,101,GSM3734315,Chedin,HS,PATC53,WT,DMSO 3d,S9.6,NA,None,SON,SRX5729070,sDRIP_PATC53_Chedin_S9.6_SRX5729070
SRX5729071_LS72H_PATC53_sDRIP-seq_Inh_3day,SRX5729071_LS72H_PATC53_sDRIP-seq_Inh_3day.hg38.bw,all,hg38,SRR8949083,sDRIP,NA,FALSE,hg38,TRUE,DNA,S9.6,101,GSM3734316,Chedin,HS,PATC53,WT,Inh 3d,S9.6,NA,None,SON,SRX5729071,sDRIP_PATC53_Chedin_S9.6_SRX5729071
SRX5729072_LS99E_PATC53_sDRIP-seq_DMSO_1day,SRX5729072_LS99E_PATC53_sDRIP-seq_DMSO_1day.hg38.bw,all,hg38,SRR8949084,sDRIP,NA,FALSE,hg38,TRUE,DNA,S9.6,101,GSM3734317,Chedin,HS,PATC53,WT,DMSO 1d,S9.6,NA,None,SON,SRX5729072,sDRIP_PATC53_Chedin_S9.6_SRX5729072
SRX5729073_LS99F_PATC53_sDRIP-seq_Inh_1day,SRX5729073_LS99F_PATC53_sDRIP-seq_Inh_1day.hg38.bw,all,hg38,SRR8949085,sDRIP,NA,FALSE,hg38,TRUE,DNA,S9.6,101,GSM3734318,Chedin,HS,PATC53,WT,Inh 1d,S9.6,NA,None,SON,SRX5729073,sDRIP_PATC53_Chedin_S9.6_SRX5729073
SRX5729074_LS99G_PATC53_sDRIP-seq_Inh_1day,SRX5729074_LS99G_PATC53_sDRIP-seq_Inh_1day.hg38.bw,all,hg38,SRR8949086,sDRIP,NA,FALSE,hg38,TRUE,DNA,S9.6,101,GSM3734319,Chedin,HS,PATC53,WT,Inh 1d,S9.6,NA,None,SON,SRX5729074,sDRIP_PATC53_Chedin_S9.6_SRX5729074
SRX5729075_LS99H_PATC53_sDRIP-seq_DMSO_3day,SRX5729075_LS99H_PATC53_sDRIP-seq_DMSO_3day.hg38.bw,all,hg38,SRR8949087,sDRIP,NA,FALSE,hg38,TRUE,DNA,S9.6,101,GSM3734320,Chedin,HS,PATC53,WT,DMSO 3d,S9.6,NA,None,SON,SRX5729075,sDRIP_PATC53_Chedin_S9.6_SRX5729075
SRX5729076_LS99I_PATC53_sDRIP-seq_Inh_3day,SRX5729076_LS99I_PATC53_sDRIP-seq_Inh_3day.hg38.bw,all,hg38,SRR8949088,sDRIP,NA,FALSE,hg38,TRUE,DNA,S9.6,101,GSM3734321,Chedin,HS,PATC53,WT,Inh 3d,S9.6,NA,None,SON,SRX5729076,sDRIP_PATC53_Chedin_S9.6_SRX5729076
SRX5849996_DRIPc-seq_RNaseA_treated,SRX5849996_DRIPc-seq_RNaseA_treated.hg38.bw,all,hg38,SRR9074472,DRIPc,NA,FALSE,hg38,TRUE,RNA,S9.6,90,GSM3772637,Chedin,HS,NT2,WT,RNaseA,S9.6,0,None,RES,SRX5849996,DRIPc_NT2_Chedin_S9.6_SRX5849996
SRX6427713_siGL3_qDRIP-seq_1,SRX6427713_siGL3_qDRIP-seq_1.hg38.bw,all,hg38,SRR9667007,qDRIP,SRR9667010,TRUE,hg38,TRUE,DNA,S9.6,151,GSM3936507,Cimprich,HS,HeLa,WT,siGL3,S9.6,1,Input,SON,SRX6427713,qDRIP_HeLa_Cimprich_S9.6_SRX6427713
SRX6427714_siGL3_qDRIP-seq_2,SRX6427714_siGL3_qDRIP-seq_2.hg38.bw,all,hg38,SRR9667008,qDRIP,SRR9667010,TRUE,hg38,TRUE,DNA,S9.6,151,GSM3936508,Cimprich,HS,HeLa,WT,siGL3,S9.6,2,Input,SON,SRX6427714,qDRIP_HeLa_Cimprich_S9.6_SRX6427714
SRX6427715_siGL3_qDRIP-seq_andRH,SRX6427715_siGL3_qDRIP-seq_andRH.hg38.bw,neg,hg38,SRR9667009,qDRIP,SRR9667010,TRUE,hg38,TRUE,DNA,S9.6,151,GSM3936509,Cimprich,HS,HeLa,WT,siGL3,RNaseH1,0,Input,SON,SRX6427715,qDRIP_HeLa_Cimprich_RNaseH1_SRX6427715
SRX6427717_DMSO_qDRIP-seq_1,SRX6427717_DMSO_qDRIP-seq_1.hg38.bw,pos,hg38,SRR9667011,qDRIP,SRR9667013,TRUE,hg38,TRUE,DNA,S9.6,151,GSM3936511,Cimprich,HS,HeLa,WT,DMSO,S9.6,1,Input,SON,SRX6427717,qDRIP_HeLa_Cimprich_S9.6_SRX6427717
SRX6427718_DMSO_qDRIP-seq_2,SRX6427718_DMSO_qDRIP-seq_2.hg38.bw,pos,hg38,SRR9667012,qDRIP,SRR9667013,TRUE,hg38,TRUE,DNA,S9.6,151,GSM3936512,Cimprich,HS,HeLa,WT,DMSO,S9.6,2,Input,SON,SRX6427718,qDRIP_HeLa_Cimprich_S9.6_SRX6427718
SRX6427720_DRB_qDRIP-seq_1,SRX6427720_DRB_qDRIP-seq_1.hg38.bw,all,hg38,SRR9667014,qDRIP,SRR9667017,TRUE,hg38,TRUE,DNA,S9.6,151,GSM3936514,Cimprich,HS,HeLa,WT,DRB,S9.6,1,Input,SON,SRX6427720,qDRIP_HeLa_Cimprich_S9.6_SRX6427720
SRX6427721_DRB_qDRIP-seq_2,SRX6427721_DRB_qDRIP-seq_2.hg38.bw,all,hg38,SRR9667015,qDRIP,SRR9667017,TRUE,hg38,TRUE,DNA,S9.6,151,GSM3936515,Cimprich,HS,HeLa,WT,DRB,S9.6,2,Input,SON,SRX6427721,qDRIP_HeLa_Cimprich_S9.6_SRX6427721
SRX6427722_DRB_qDRIP-seq_andRH,SRX6427722_DRB_qDRIP-seq_andRH.hg38.bw,neg,hg38,SRR9667016,qDRIP,SRR9667017,TRUE,hg38,TRUE,DNA,S9.6,151,GSM3936516,Cimprich,HS,HeLa,WT,DRB,RNaseH1,0,Input,SON,SRX6427722,qDRIP_HeLa_Cimprich_RNaseH1_SRX6427722
SRX6428486_shCTRL_ssDRIP_rep1,SRX6428486_shCTRL_ssDRIP_rep1.hg38.bw,all,hg38,SRR9667901,ssDRIP,NA,TRUE,hg38,TRUE,DNA,S9.6,150,GSM3937232,Yang,HS,HeLa,shCTRL,NT,S9.6,1,None,RES,SRX6428486,ssDRIP_HeLa_Yang_S9.6_SRX6428486
SRX6428487_shCTRL_ssDRIP_rep2,SRX6428487_shCTRL_ssDRIP_rep2.hg38.bw,all,hg38,SRR9667902,ssDRIP,NA,TRUE,hg38,TRUE,DNA,S9.6,150,GSM3937233,Yang,HS,HeLa,shCTRL,NT,S9.6,2,None,RES,SRX6428487,ssDRIP_HeLa_Yang_S9.6_SRX6428487
SRX6428488_shCTRL_ssDRIP_rep3,SRX6428488_shCTRL_ssDRIP_rep3.hg38.bw,all,hg38,SRR9667903,ssDRIP,NA,TRUE,hg38,TRUE,DNA,S9.6,150,GSM3937234,Yang,HS,HeLa,shCTRL,NT,S9.6,3,None,RES,SRX6428488,ssDRIP_HeLa_Yang_S9.6_SRX6428488
SRX6428491_shMETTL3_ssDRIP_rep1,SRX6428491_shMETTL3_ssDRIP_rep1.hg38.bw,all,hg38,SRR9667906,ssDRIP,NA,TRUE,hg38,TRUE,DNA,S9.6,150,GSM3937237,Yang,HS,HeLa,shMETTL3,NT,S9.6,1,None,RES,SRX6428491,ssDRIP_HeLa_Yang_S9.6_SRX6428491
SRX6428492_shMETTL3_ssDRIP_rep2,SRX6428492_shMETTL3_ssDRIP_rep2.hg38.bw,all,hg38,SRR9667907,ssDRIP,NA,TRUE,hg38,TRUE,DNA,S9.6,150,GSM3937238,Yang,HS,HeLa,shMETTL3,NT,S9.6,2,None,RES,SRX6428492,ssDRIP_HeLa_Yang_S9.6_SRX6428492
SRX6428493_shMETTL3_ssDRIP_rep3,SRX6428493_shMETTL3_ssDRIP_rep3.hg38.bw,all,hg38,SRR9667908,ssDRIP,NA,TRUE,hg38,TRUE,DNA,S9.6,150,GSM3937239,Yang,HS,HeLa,shMETTL3,NT,S9.6,3,None,RES,SRX6428493,ssDRIP_HeLa_Yang_S9.6_SRX6428493
SRX6428494_shCTRL_EV_ssDRIP_rep1,SRX6428494_shCTRL_EV_ssDRIP_rep1.hg38.bw,all,hg38,SRR9667909,ssDRIP,NA,TRUE,hg38,TRUE,DNA,S9.6,150,GSM3937240,Yang,HS,HeLa,shCTRL,EV,S9.6,1,None,RES,SRX6428494,ssDRIP_HeLa_Yang_S9.6_SRX6428494
SRX6428495_shCTRL_EV_ssDRIP_rep2,SRX6428495_shCTRL_EV_ssDRIP_rep2.hg38.bw,all,hg38,SRR9667910,ssDRIP,NA,TRUE,hg38,TRUE,DNA,S9.6,150,GSM3937241,Yang,HS,HeLa,shCTRL,EV,S9.6,2,None,RES,SRX6428495,ssDRIP_HeLa_Yang_S9.6_SRX6428495
SRX6428496_shMETTL3_EV_ssDRIP_rep1,SRX6428496_shMETTL3_EV_ssDRIP_rep1.hg38.bw,all,hg38,SRR9667911,ssDRIP,NA,TRUE,hg38,TRUE,DNA,S9.6,150,GSM3937242,Yang,HS,HeLa,shMETTL3,EV,S9.6,1,None,RES,SRX6428496,ssDRIP_HeLa_Yang_S9.6_SRX6428496
SRX6428497_shMETTL3_EV_ssDRIP_rep2,SRX6428497_shMETTL3_EV_ssDRIP_rep2.hg38.bw,all,hg38,SRR9667912,ssDRIP,NA,TRUE,hg38,TRUE,DNA,S9.6,150,GSM3937243,Yang,HS,HeLa,shMETTL3,EV,S9.6,2,None,RES,SRX6428497,ssDRIP_HeLa_Yang_S9.6_SRX6428497
SRX6428498_shMETTL3_mut_ssDRIP_rep1,SRX6428498_shMETTL3_mut_ssDRIP_rep1.hg38.bw,all,hg38,SRR9667913,ssDRIP,NA,TRUE,hg38,TRUE,DNA,S9.6,150,GSM3937244,Yang,HS,HeLa,shMETTL3,mutMETTL3OE,S9.6,1,None,RES,SRX6428498,ssDRIP_HeLa_Yang_S9.6_SRX6428498
SRX6428499_shMETTL3_mut_ssDRIP_rep2,SRX6428499_shMETTL3_mut_ssDRIP_rep2.hg38.bw,all,hg38,SRR9667914,ssDRIP,NA,TRUE,hg38,TRUE,DNA,S9.6,150,GSM3937245,Yang,HS,HeLa,shMETTL3,mutMETTL3OE,S9.6,2,None,RES,SRX6428499,ssDRIP_HeLa_Yang_S9.6_SRX6428499
SRX6428500_shMETTL3_WT_ssDRIP_rep1,SRX6428500_shMETTL3_WT_ssDRIP_rep1.hg38.bw,all,hg38,SRR9667915,ssDRIP,NA,TRUE,hg38,TRUE,DNA,S9.6,150,GSM3937246,Yang,HS,HeLa,shMETTL3,wtMETTL3OE,S9.6,1,None,RES,SRX6428500,ssDRIP_HeLa_Yang_S9.6_SRX6428500
SRX6428501_shMETTL3_WT_ssDRIP_rep2,SRX6428501_shMETTL3_WT_ssDRIP_rep2.hg38.bw,all,hg38,SRR9667916,ssDRIP,NA,TRUE,hg38,TRUE,DNA,S9.6,150,GSM3937247,Yang,HS,HeLa,shMETTL3,wtMETTL3OE,S9.6,2,None,RES,SRX6428501,ssDRIP_HeLa_Yang_S9.6_SRX6428501
SRX6651643_SX014C_U87_DRIP-seq_WT_rep1,SRX6651643_SX014C_U87_DRIP-seq_WT_rep1.hg38.bw,all,hg38,SRR9899797,DRIP,NA,FALSE,hg38,FALSE,DNA,S9.6,50,GSM4006728,Chedin,HS,U87,WT,siCTR,S9.6,1,None,RES,SRX6651643,DRIP_U87_Chedin_S9.6_SRX6651643
SRX6651644_SX014D_U87_DRIP-seq_WT_rep2,SRX6651644_SX014D_U87_DRIP-seq_WT_rep2.hg38.bw,all,hg38,SRR9899798,DRIP,NA,FALSE,hg38,FALSE,DNA,S9.6,50,GSM4006729,Chedin,HS,U87,WT,siCTR,S9.6,2,None,RES,SRX6651644,DRIP_U87_Chedin_S9.6_SRX6651644
SRX6651645_SX014E_U87DRIP-seq_Setx_KD_rep1,SRX6651645_SX014E_U87DRIP-seq_Setx_KD_rep1.hg38.bw,all,hg38,SRR9899799,DRIP,NA,FALSE,hg38,FALSE,DNA,S9.6,50,GSM4006730,Chedin,HS,U87,WT,siSETX,S9.6,1,None,RES,SRX6651645,DRIP_U87_Chedin_S9.6_SRX6651645
SRX6651646_SX014F_U87_DRIP-seq_Setx_KD_rep2,SRX6651646_SX014F_U87_DRIP-seq_Setx_KD_rep2.hg38.bw,all,hg38,SRR9899800,DRIP,NA,FALSE,hg38,FALSE,DNA,S9.6,50,GSM4006731,Chedin,HS,U87,WT,siSETX,S9.6,2,None,RES,SRX6651646,DRIP_U87_Chedin_S9.6_SRX6651646
SRX6686232_DRIPc_seq_siC_1,SRX6686232_DRIPc_seq_siC_1.hg38.bw,all,hg38,SRR9937571,DRIPc,SRR11838587,TRUE,hg38,TRUE,RNA,S9.6,75.18,GSM4023581,Aguilera,HS,K562,NA,siCTR,S9.6,NA,RNH,RES,SRX6686232,DRIPc_K562_Aguilera_S9.6_SRX6686232
SRX6686233_DRIPc_seq_siUAP56_1,SRX6686233_DRIPc_seq_siUAP56_1.hg38.bw,all,hg38,SRR9937572,DRIPc,SRR11838588,TRUE,hg38,TRUE,RNA,S9.6,75.28,GSM4023582,Aguilera,HS,K562,NA,siUAP56,S9.6,NA,RNH,RES,SRX6686233,DRIPc_K562_Aguilera_S9.6_SRX6686233
SRX6686234_DRIPc_seq_siC_2,SRX6686234_DRIPc_seq_siC_2.hg38.bw,all,hg38,SRR9937573,DRIPc,SRR11838587,TRUE,hg38,TRUE,RNA,S9.6,75.11,GSM4023583,Aguilera,HS,K562,NA,siCTR,S9.6,NA,RNH,RES,SRX6686234,DRIPc_K562_Aguilera_S9.6_SRX6686234
SRX6686235_DRIPc_seq_siUAP56_2,SRX6686235_DRIPc_seq_siUAP56_2.hg38.bw,all,hg38,SRR9937574,DRIPc,SRR11838588,TRUE,hg38,TRUE,RNA,S9.6,75.36,GSM4023584,Aguilera,HS,K562,NA,siUAP56,S9.6,NA,RNH,RES,SRX6686235,DRIPc_K562_Aguilera_S9.6_SRX6686235
SRX6686236_DRIP_seq_siC_untreated,SRX6686236_DRIP_seq_siC_untreated.hg38.bw,all,hg38,SRR9937575,DRIP,SRR9937576,TRUE,hg38,FALSE,DNA,S9.6,74.75,GSM4023585,Aguilera,HS,K562,NA,NT,S9.6,NA,RNH,RES,SRX6686236,DRIP_K562_Aguilera_S9.6_SRX6686236
SRX6686237_DRIP_seq_siC_RNaseH_treated,SRX6686237_DRIP_seq_siC_RNaseH_treated.hg38.bw,neg,hg38,NA,NA,NA,NA,NA,NA,NA,NA,NA,NA,NA,NA,NA,NA,NA,NA,NA,NA,NA,NA,NA
SRX6779956_Replicate1_RR-ChIP_pRNH1-GFP,SRX6779956_Replicate1_RR-ChIP_pRNH1-GFP.hg38.bw,neg,hg38,NA,NA,NA,NA,NA,NA,NA,NA,NA,NA,NA,NA,NA,NA,NA,NA,NA,NA,NA,NA,NA
SRX6779957_Replicate1_RDIP_pRNH1-GFP,SRX6779957_Replicate1_RDIP_pRNH1-GFP.hg38.bw,neg,hg38,SRR10045352,RDIP,NA,FALSE,hg38,TRUE,RNA,S9.6,84.55,GSM4048019,Proudfoot,HS,HeLa,RNHGFP,NT,RNaseH1,1,None,SON,SRX6779957,RDIP_HeLa_Proudfoot_RNaseH1_SRX6779957
SRX6779958_Replicate2_RR-ChIP_pRNH1-GFP,SRX6779958_Replicate2_RR-ChIP_pRNH1-GFP.hg38.bw,neg,hg38,NA,NA,NA,NA,NA,NA,NA,NA,NA,NA,NA,NA,NA,NA,NA,NA,NA,NA,NA,NA,NA
SRX6779959_Replicate2_RDIP_pRNH1-GFP,SRX6779959_Replicate2_RDIP_pRNH1-GFP.hg38.bw,neg,hg38,SRR10045354,RDIP,NA,FALSE,hg38,TRUE,RNA,S9.6,84.55,GSM4048021,Proudfoot,HS,HeLa,RNHGFP,NT,RNaseH1,2,None,SON,SRX6779959,RDIP_HeLa_Proudfoot_RNaseH1_SRX6779959
SRX6893683_Control_DRIP-seq_and_RnaseH,SRX6893683_Control_DRIP-seq_and_RnaseH.hg38.bw,neg,hg38,NA,NA,NA,NA,NA,NA,NA,NA,NA,NA,NA,NA,NA,NA,NA,NA,NA,NA,NA,NA,NA
SRX6893684_FG_DRIP-seq_and_RnaseH,SRX6893684_FG_DRIP-seq_and_RnaseH.hg38.bw,neg,hg38,NA,NA,NA,NA,NA,NA,NA,NA,NA,NA,NA,NA,NA,NA,NA,NA,NA,NA,NA,NA,NA
SRX6893685_PDS_DRIP-seq_and_RnaseH,SRX6893685_PDS_DRIP-seq_and_RnaseH.hg38.bw,neg,hg38,NA,NA,NA,NA,NA,NA,NA,NA,NA,NA,NA,NA,NA,NA,NA,NA,NA,NA,NA,NA,NA
SRX7299431_DMSO-R-ChIP,SRX7299431_DMSO-R-ChIP.hg38.bw,all,hg38,SRR10620337,R-ChIP,SRR10620336,TRUE,hg38,TRUE,RNA,RNaseH1,150,GSM4212859,Floyd,HS,HeLa,D210N,DMSO,V5,0,Input,SON,SRX7299431,R-ChIP_HeLa_Floyd_V5_SRX7299431
SRX7299435_dBET6-R-ChIP,SRX7299435_dBET6-R-ChIP.hg38.bw,all,hg38,SRR10620341,R-ChIP,SRR10620340,TRUE,hg38,TRUE,RNA,RNaseH1,150,GSM4212863,Floyd,HS,HeLa,D210N,dBET,V5,0,Input,SON,SRX7299435,R-ChIP_HeLa_Floyd_V5_SRX7299435
SRX7583977_untreated_qDRIP-seq,SRX7583977_untreated_qDRIP-seq.hg38.bw,pos,hg38,SRR10916579,qDRIP,SRR10916580,TRUE,hg38,TRUE,DNA,S9.6,101,GSM4276883,Cimprich,HS,HeLa,WT,NT,S9.6,0,Input,SON,SRX7583977,qDRIP_HeLa_Cimprich_S9.6_SRX7583977
SRX7583979_untreated_qDRIP-seq_and_standard_RH,SRX7583979_untreated_qDRIP-seq_and_standard_RH.hg38.bw,neg,hg38,SRR10916581,qDRIP,SRR10916580,TRUE,hg38,TRUE,DNA,S9.6,101,GSM4276885,Cimprich,HS,HeLa,WT,NT,RNaseH1,0,Input,SON,SRX7583979,qDRIP_HeLa_Cimprich_RNaseH1_SRX7583979
SRX7583980_untreated_qDRIP-seq_and_high_RH,SRX7583980_untreated_qDRIP-seq_and_high_RH.hg38.bw,neg,hg38,SRR10916582,qDRIP,SRR10916580,TRUE,hg38,TRUE,DNA,S9.6,101,GSM4276886,Cimprich,HS,HeLa,WT,NT,RNH-high,0,Input,SON,SRX7583980,qDRIP_HeLa_Cimprich_RNH-high_SRX7583980
SRX7583981_siGL3_qDRIP-seq_HeLa_and_S2_1,SRX7583981_siGL3_qDRIP-seq_HeLa_and_S2_1.dm6.bw,all,dm6,NA,NA,NA,NA,NA,NA,NA,NA,NA,NA,NA,NA,NA,NA,NA,NA,NA,NA,NA,NA,NA
SRX7583981_siGL3_qDRIP-seq_HeLa_and_S2_1,SRX7583981_siGL3_qDRIP-seq_HeLa_and_S2_1.hg38.bw,all,hg38,NA,NA,NA,NA,NA,NA,NA,NA,NA,NA,NA,NA,NA,NA,NA,NA,NA,NA,NA,NA,NA
SRX7583982_siGL3_qDRIP-seq_HeLa_and_S2_2,SRX7583982_siGL3_qDRIP-seq_HeLa_and_S2_2.dm6.bw,all,dm6,NA,NA,NA,NA,NA,NA,NA,NA,NA,NA,NA,NA,NA,NA,NA,NA,NA,NA,NA,NA,NA
SRX7583982_siGL3_qDRIP-seq_HeLa_and_S2_2,SRX7583982_siGL3_qDRIP-seq_HeLa_and_S2_2.hg38.bw,all,hg38,NA,NA,NA,NA,NA,NA,NA,NA,NA,NA,NA,NA,NA,NA,NA,NA,NA,NA,NA,NA,NA
SRX7671349_RDIPseq_RNAseH1oe,SRX7671349_RDIPseq_RNAseH1oe.hg38.bw,neg,hg38,SRR11015900,RDIP,NA,TRUE,hg38,TRUE,RNA,S9.6,41.51,GSM4295072,Proudfoot,HS,HeLa,RNAseH1oe,NT,RNaseH1,2,None,SON,SRX7671349,RDIP_HeLa_Proudfoot_RNaseH1_SRX7671349
SRX7805791_ssDRIP_sequencing_of_hVECs_ssDRIP-EC_rep1,SRX7805791_ssDRIP_sequencing_of_hVECs_ssDRIP-EC_rep1.hg38.bw,all,hg38,SRR11185373,ssDRIP,SRR11185367,TRUE,hg38,TRUE,DNA,S9.6,150,GSM4340309,Qu,HS,VECs,WT,NT,S9.6,1,Input,RES,SRX7805791,ssDRIP_VECs_Qu_S9.6_SRX7805791
SRX7805792_ssDRIP_sequencing_of_hVECs_ssDRIP-EC_rep2,SRX7805792_ssDRIP_sequencing_of_hVECs_ssDRIP-EC_rep2.hg38.bw,all,hg38,SRR11185374,ssDRIP,SRR11185367,TRUE,hg38,TRUE,DNA,S9.6,150,GSM4340310,Qu,HS,VECs,WT,NT,S9.6,2,Input,RES,SRX7805792,ssDRIP_VECs_Qu_S9.6_SRX7805792
SRX7805793_ssDRIP_sequencing_of_hESCs_ssDRIP-ESC_batch2_rep1,SRX7805793_ssDRIP_sequencing_of_hESCs_ssDRIP-ESC_batch2_rep1.hg38.bw,all,hg38,SRR11185375,ssDRIP,SRR11185368,TRUE,hg38,TRUE,DNA,S9.6,150,GSM4340311,Qu,HS,hESCs,WT,NT,S9.6,1,Input,RES,SRX7805793,ssDRIP_hESCs_Qu_S9.6_SRX7805793
SRX7805794_ssDRIP_sequencing_of_hESCs_ssDRIP-ESC_batch2_rep2,SRX7805794_ssDRIP_sequencing_of_hESCs_ssDRIP-ESC_batch2_rep2.hg38.bw,all,hg38,SRR11185376,ssDRIP,SRR11185368,TRUE,hg38,TRUE,DNA,S9.6,150,GSM4340312,Qu,HS,hESCs,WT,NT,S9.6,2,Input,RES,SRX7805794,ssDRIP_hESCs_Qu_S9.6_SRX7805794
SRX7805795_ssDRIP_sequencing_of_hESCs_ssDRIP-ESC_rep1,SRX7805795_ssDRIP_sequencing_of_hESCs_ssDRIP-ESC_rep1.hg38.bw,all,hg38,SRR11185377,ssDRIP,SRR11185368,TRUE,hg38,TRUE,DNA,S9.6,150,GSM4340313,Qu,HS,hESCs,WT,NT,S9.6,3,Input,RES,SRX7805795,ssDRIP_hESCs_Qu_S9.6_SRX7805795
SRX7805796_ssDRIP_sequencing_of_hESCs_ssDRIP-ESC_rep2,SRX7805796_ssDRIP_sequencing_of_hESCs_ssDRIP-ESC_rep2.hg38.bw,all,hg38,SRR11185378,ssDRIP,SRR11185368,TRUE,hg38,TRUE,DNA,S9.6,150,GSM4340314,Qu,HS,hESCs,WT,NT,S9.6,4,Input,RES,SRX7805796,ssDRIP_hESCs_Qu_S9.6_SRX7805796
SRX7805797_ssDRIP_sequencing_of_hiPSCs_ssDRIP-iPSC_batch2_rep1,SRX7805797_ssDRIP_sequencing_of_hiPSCs_ssDRIP-iPSC_batch2_rep1.hg38.bw,all,hg38,SRR11185379,ssDRIP,SRR11185369,TRUE,hg38,TRUE,DNA,S9.6,145.67,GSM4340315,Qu,HS,iPSCs,WT,NT,S9.6,1,Input,RES,SRX7805797,ssDRIP_iPSCs_Qu_S9.6_SRX7805797
SRX7805798_ssDRIP_sequencing_of_hiPSCs_ssDRIP-iPSC_batch2_rep2,SRX7805798_ssDRIP_sequencing_of_hiPSCs_ssDRIP-iPSC_batch2_rep2.hg38.bw,all,hg38,SRR11185380,ssDRIP,SRR11185369,TRUE,hg38,TRUE,DNA,S9.6,145.21,GSM4340316,Qu,HS,iPSCs,WT,NT,S9.6,2,Input,RES,SRX7805798,ssDRIP_iPSCs_Qu_S9.6_SRX7805798
SRX7805799_ssDRIP_sequencing_of_hiPSCs_ssDRIP-iPSC_rep1,SRX7805799_ssDRIP_sequencing_of_hiPSCs_ssDRIP-iPSC_rep1.hg38.bw,all,hg38,SRR11185381,ssDRIP,SRR11185369,TRUE,hg38,TRUE,DNA,S9.6,150,GSM4340317,Qu,HS,iPSCs,WT,NT,S9.6,3,Input,RES,SRX7805799,ssDRIP_iPSCs_Qu_S9.6_SRX7805799
SRX7805800_ssDRIP_sequencing_of_hiPSCs_ssDRIP-iPSC_rep2,SRX7805800_ssDRIP_sequencing_of_hiPSCs_ssDRIP-iPSC_rep2.hg38.bw,all,hg38,SRR11185382,ssDRIP,SRR11185369,TRUE,hg38,TRUE,DNA,S9.6,150,GSM4340318,Qu,HS,iPSCs,WT,NT,S9.6,4,Input,RES,SRX7805800,ssDRIP_iPSCs_Qu_S9.6_SRX7805800
SRX7805801_ssDRIP_sequencing_of_hMSCs_ssDRIP-MSC_rep1,SRX7805801_ssDRIP_sequencing_of_hMSCs_ssDRIP-MSC_rep1.hg38.bw,all,hg38,SRR11185383,ssDRIP,SRR11185370,TRUE,hg38,TRUE,DNA,S9.6,150,GSM4340319,Qu,HS,MSCs,WT,NT,S9.6,1,Input,RES,SRX7805801,ssDRIP_MSCs_Qu_S9.6_SRX7805801
SRX7805802_ssDRIP_sequencing_of_hMSCs_ssDRIP-MSC_rep2,SRX7805802_ssDRIP_sequencing_of_hMSCs_ssDRIP-MSC_rep2.hg38.bw,all,hg38,SRR11185384,ssDRIP,SRR11185370,TRUE,hg38,TRUE,DNA,S9.6,150,GSM4340320,Qu,HS,MSCs,WT,NT,S9.6,2,Input,RES,SRX7805802,ssDRIP_MSCs_Qu_S9.6_SRX7805802
SRX7805803_ssDRIP_sequencing_of_hNSCs_ssDRIP-NSC_batch2_rep1,SRX7805803_ssDRIP_sequencing_of_hNSCs_ssDRIP-NSC_batch2_rep1.hg38.bw,all,hg38,SRR11185385,ssDRIP,SRR11185371,TRUE,hg38,TRUE,DNA,S9.6,150,GSM4340321,Qu,HS,NSCs,WT,NT,S9.6,1,Input,RES,SRX7805803,ssDRIP_NSCs_Qu_S9.6_SRX7805803
SRX7805804_ssDRIP_sequencing_of_hNSCs_ssDRIP-NSC_batch2_rep2,SRX7805804_ssDRIP_sequencing_of_hNSCs_ssDRIP-NSC_batch2_rep2.hg38.bw,all,hg38,SRR11185386,ssDRIP,SRR11185371,TRUE,hg38,TRUE,DNA,S9.6,150,GSM4340322,Qu,HS,NSCs,WT,NT,S9.6,2,Input,RES,SRX7805804,ssDRIP_NSCs_Qu_S9.6_SRX7805804
SRX7805805_ssDRIP_sequencing_of_hNSCs_ssDRIP-NSC_rep1,SRX7805805_ssDRIP_sequencing_of_hNSCs_ssDRIP-NSC_rep1.hg38.bw,all,hg38,SRR11185387,ssDRIP,SRR11185371,TRUE,hg38,TRUE,DNA,S9.6,150,GSM4340323,Qu,HS,NSCs,WT,NT,S9.6,3,Input,RES,SRX7805805,ssDRIP_NSCs_Qu_S9.6_SRX7805805
SRX7805806_ssDRIP_sequencing_of_hNSCs_ssDRIP-NSC_rep2,SRX7805806_ssDRIP_sequencing_of_hNSCs_ssDRIP-NSC_rep2.hg38.bw,all,hg38,SRR11185388,ssDRIP,SRR11185371,TRUE,hg38,TRUE,DNA,S9.6,150,GSM4340324,Qu,HS,NSCs,WT,NT,S9.6,4,Input,RES,SRX7805806,ssDRIP_NSCs_Qu_S9.6_SRX7805806
SRX7805807_ssDRIP_sequencing_of_hVSMCs_ssDRIP-VSMC_rep1,SRX7805807_ssDRIP_sequencing_of_hVSMCs_ssDRIP-VSMC_rep1.hg38.bw,all,hg38,SRR11185389,ssDRIP,SRR11185372,TRUE,hg38,TRUE,DNA,S9.6,150,GSM4340325,Qu,HS,VSMCs,WT,NT,S9.6,1,Input,RES,SRX7805807,ssDRIP_VSMCs_Qu_S9.6_SRX7805807
SRX7805808_ssDRIP_sequencing_of_hVSMCs_ssDRIP-VSMC_rep2,SRX7805808_ssDRIP_sequencing_of_hVSMCs_ssDRIP-VSMC_rep2.hg38.bw,all,hg38,SRR11185390,ssDRIP,SRR11185372,TRUE,hg38,TRUE,DNA,S9.6,150,GSM4340326,Qu,HS,VSMCs,WT,NT,S9.6,2,Input,RES,SRX7805808,ssDRIP_VSMCs_Qu_S9.6_SRX7805808
SRX8110928_NC,SRX8110928_NC.hg38.bw,all,hg38,SRR11540624,SRR11540623,DRIP,SRR11540631,TRUE,hg38,FALSE,DNA,S9.6,150,GSM4474217,Feng,HS,HEK293,WT,siCTR,S9.6,0,RNH,SON,SRX8110928,DRIP_HEK293_Feng_S9.6_SRX8110928
SRX8110929_NCandI-PpoI,SRX8110929_NCandI-PpoI.hg38.bw,all,hg38,SRR11540625,SRR11540626,DRIP,SRR11540631,TRUE,hg38,FALSE,DNA,S9.6,150,GSM4474218,Feng,HS,HEK293,I-PpoI,siCTR,S9.6,0,RNH,SON,SRX8110929,DRIP_HEK293_Feng_S9.6_SRX8110929
SRX8110930_siMETTL3,SRX8110930_siMETTL3.hg38.bw,all,hg38,SRR11540627,DRIP,SRR11540632,TRUE,hg38,FALSE,DNA,S9.6,150,GSM4474219,Feng,HS,HEK293,WT,siMETTL3,S9.6,0,RNH,SON,SRX8110930,DRIP_HEK293_Feng_S9.6_SRX8110930
SRX8110931_siMETTL3andI-PpoI,SRX8110931_siMETTL3andI-PpoI.hg38.bw,all,hg38,SRR11540629,SRR11540628,DRIP,SRR11540632,TRUE,hg38,FALSE,DNA,S9.6,150,GSM4474220,Feng,HS,HEK293,I-PpoI,siMETTL3,S9.6,0,RNH,SON,SRX8110931,DRIP_HEK293_Feng_S9.6_SRX8110931
SRX8110932_RNase_H1,SRX8110932_RNase_H1.hg38.bw,all,hg38,SRR11540630,DRIP,NA,TRUE,hg38,FALSE,DNA,S9.6,150,GSM4474221,Feng,HS,HEK293,RNH1,NT,RNaseH1,0,None,SON,SRX8110932,DRIP_HEK293_Feng_RNaseH1_SRX8110932
SRX8122753_K562_DRIP-seq_Control_DG1A,SRX8122753_K562_DRIP-seq_Control_DG1A.hg38.bw,all,hg38,SRR11552996,DRIP,NA,FALSE,hg38,FALSE,DNA,S9.6,101,GSM4478670,Chedin,HS,K562,NA,NT,S9.6,NA,None,RES,SRX8122753,DRIP_K562_Chedin_S9.6_SRX8122753
SRX8122754_K562_DRIP-seq_PladB_2_hours_DG1B,SRX8122754_K562_DRIP-seq_PladB_2_hours_DG1B.hg38.bw,all,hg38,SRR11552997,DRIP,NA,FALSE,hg38,FALSE,DNA,S9.6,101,GSM4478671,Chedin,HS,K562,NA,PladB-2h,S9.6,NA,None,RES,SRX8122754,DRIP_K562_Chedin_S9.6_SRX8122754
SRX8122755_K562_DRIP-seq_PladB_4_hours_DG1C,SRX8122755_K562_DRIP-seq_PladB_4_hours_DG1C.hg38.bw,all,hg38,SRR11552998,DRIP,NA,FALSE,hg38,FALSE,DNA,S9.6,101,GSM4478672,Chedin,HS,K562,NA,PladB-4h,S9.6,NA,None,RES,SRX8122755,DRIP_K562_Chedin_S9.6_SRX8122755
SRX8122756_K562_DRIP-seq_Control_DG1D,SRX8122756_K562_DRIP-seq_Control_DG1D.hg38.bw,all,hg38,SRR11552999,DRIP,NA,FALSE,hg38,FALSE,DNA,S9.6,101,GSM4478673,Chedin,HS,K562,NA,NT,S9.6,NA,None,RES,SRX8122756,DRIP_K562_Chedin_S9.6_SRX8122756
SRX8122757_GEO_accession_GSM4478674_is_currently_private_and_is_scheduled_to_be_released_on_Apr_01_2022,NA,NA,NA,SRR11553000,DRIP,NA,FALSE,hg38,FALSE,DNA,S9.6,101,GSM4478674,Chedin,HS,K562,NA,DMSO-2h,S9.6,NA,None,RES,SRX8122757,DRIP_K562_Chedin_S9.6_SRX8122757
SRX8122758_K562_DRIP-seq_DMSO_4_hours_DG1F,SRX8122758_K562_DRIP-seq_DMSO_4_hours_DG1F.hg38.bw,all,hg38,SRR11553001,DRIP,NA,FALSE,hg38,FALSE,DNA,S9.6,101,GSM4478675,Chedin,HS,K562,NA,DMSO-4h,S9.6,NA,None,RES,SRX8122758,DRIP_K562_Chedin_S9.6_SRX8122758
SRX8122759_K562_DRIP-seq_PladB_2_hours_DG1G,SRX8122759_K562_DRIP-seq_PladB_2_hours_DG1G.hg38.bw,all,hg38,SRR11553002,DRIP,NA,FALSE,hg38,FALSE,DNA,S9.6,101,GSM4478676,Chedin,HS,K562,NA,PladB-2h,S9.6,NA,None,RES,SRX8122759,DRIP_K562_Chedin_S9.6_SRX8122759
SRX8122760_K562_DRIP-seq_PladB_4_hours_DG1H,SRX8122760_K562_DRIP-seq_PladB_4_hours_DG1H.hg38.bw,all,hg38,SRR11553003,DRIP,NA,FALSE,hg38,FALSE,DNA,S9.6,101,GSM4478677,Chedin,HS,K562,NA,PladB-4h,S9.6,NA,None,RES,SRX8122760,DRIP_K562_Chedin_S9.6_SRX8122760
SRX8122769_K562_sDRIP-seq_Control_DG3A,SRX8122769_K562_sDRIP-seq_Control_DG3A.hg38.bw,all,hg38,SRR11553012,sDRIP,NA,FALSE,hg38,TRUE,DNA,S9.6,100,GSM4478686,Chedin,HS,K562,NA,NT,S9.6,NA,None,SON,SRX8122769,sDRIP_K562_Chedin_S9.6_SRX8122769
SRX8122770_K562_sDRIP-seq_DMSO_4_hours_DG3B,SRX8122770_K562_sDRIP-seq_DMSO_4_hours_DG3B.hg38.bw,all,hg38,SRR11553013,sDRIP,NA,FALSE,hg38,TRUE,DNA,S9.6,100,GSM4478687,Chedin,HS,K562,NA,DMSO-4h,S9.6,NA,None,SON,SRX8122770,sDRIP_K562_Chedin_S9.6_SRX8122770
SRX8122771_K562_sDRIP-seq_PladB_4_hours_DG3C,SRX8122771_K562_sDRIP-seq_PladB_4_hours_DG3C.hg38.bw,all,hg38,SRR11553014,sDRIP,NA,FALSE,hg38,TRUE,DNA,S9.6,100,GSM4478688,Chedin,HS,K562,NA,PladB-4h,S9.6,NA,None,SON,SRX8122771,sDRIP_K562_Chedin_S9.6_SRX8122771
SRX8122772_K562_sDRIP-seq_Control_DG3D,SRX8122772_K562_sDRIP-seq_Control_DG3D.hg38.bw,all,hg38,SRR11553015,sDRIP,NA,FALSE,hg38,TRUE,DNA,S9.6,100,GSM4478689,Chedin,HS,K562,NA,NT,S9.6,NA,None,SON,SRX8122772,sDRIP_K562_Chedin_S9.6_SRX8122772
SRX8122773_K562_sDRIP-seq_DMSO_4_hours_DG3E,SRX8122773_K562_sDRIP-seq_DMSO_4_hours_DG3E.hg38.bw,all,hg38,SRR11553016,sDRIP,NA,FALSE,hg38,TRUE,DNA,S9.6,100,GSM4478690,Chedin,HS,K562,NA,DMSO-4h,S9.6,NA,None,SON,SRX8122773,sDRIP_K562_Chedin_S9.6_SRX8122773
SRX8388985_DRIPc_seq_siC_RNH_treated,SRX8388985_DRIPc_seq_siC_RNH_treated.hg38.bw,neg,hg38,NA,NA,NA,NA,NA,NA,NA,NA,NA,NA,NA,NA,NA,NA,NA,NA,NA,NA,NA,NA,NA
SRX8388986_DRIPc_seq_siUAP56_RNH_treated,SRX8388986_DRIPc_seq_siUAP56_RNH_treated.hg38.bw,neg,hg38,NA,NA,NA,NA,NA,NA,NA,NA,NA,NA,NA,NA,NA,NA,NA,NA,NA,NA,NA,NA,NA
SRX8908657_Control_rep_1_DRIP-seq,SRX8908657_Control_rep_1_DRIP-seq.hg38.bw,all,hg38,SRR12412380,SRR12412381,SRR12412382,DRIP,SRR12412385,SRR12412386,SRR12412387,FALSE,hg38,FALSE,DNA,S9.6,75.7,GSM4714811,Richard,HS,U2OS,WT,siCTR,S9.6,1,Input,RES,SRX8908657,DRIP_U2OS_Richard_S9.6_SRX8908657
SRX8908658_Control_rep_2_DRIP-seq,SRX8908658_Control_rep_2_DRIP-seq.hg38.bw,all,hg38,SRR12412383,SRR12412384,DRIP,SRR12412385,SRR12412386,SRR12412387,FALSE,hg38,FALSE,DNA,S9.6,75.67,GSM4714812,Richard,HS,U2OS,WT,siCTR,S9.6,2,Input,RES,SRX8908658,DRIP_U2OS_Richard_S9.6_SRX8908658
SRX8908660_Control_rep_1_Rnase-H_DRIP-seq,SRX8908660_Control_rep_1_Rnase-H_DRIP-seq.hg38.bw,all,hg38,SRR12412388,SRR12412389,DRIP,SRR12412385,SRR12412386,SRR12412387,FALSE,hg38,FALSE,DNA,S9.6,75.65,GSM4714814,Richard,HS,U2OS,WT,siCTR,RNaseH1,1,Input,RES,SRX8908660,DRIP_U2OS_Richard_RNaseH1_SRX8908660
SRX8908661_Control_rep_2_Rnase-H_DRIP-seq,SRX8908661_Control_rep_2_Rnase-H_DRIP-seq.hg38.bw,all,hg38,SRR12412390,SRR12412392,SRR12412391,DRIP,SRR12412385,SRR12412386,SRR12412387,FALSE,hg38,FALSE,DNA,S9.6,75.75,GSM4714815,Richard,HS,U2OS,WT,siCTR,RNaseH1,2,Input,RES,SRX8908661,DRIP_U2OS_Richard_RNaseH1_SRX8908661
SRX8908662_DDX5_KD_rep_1_DRIP-seq,SRX8908662_DDX5_KD_rep_1_DRIP-seq.hg38.bw,all,hg38,SRR12412393,SRR12412395,SRR12412394,DRIP,SRR12412398,SRR12412399,SRR12412400,FALSE,hg38,FALSE,DNA,S9.6,75.66,GSM4714816,Richard,HS,U2OS,WT,siDDX5,S9.6,1,Input,RES,SRX8908662,DRIP_U2OS_Richard_S9.6_SRX8908662
SRX8908663_DDX5_KD_rep_2_DRIP-seq,SRX8908663_DDX5_KD_rep_2_DRIP-seq.hg38.bw,all,hg38,SRR12412396,SRR12412397,DRIP,SRR12412398,SRR12412399,SRR12412400,FALSE,hg38,FALSE,DNA,S9.6,75.81,GSM4714817,Richard,HS,U2OS,WT,siDDX5,S9.6,2,Input,RES,SRX8908663,DRIP_U2OS_Richard_S9.6_SRX8908663
SRX8908665_PRMT5_KD_rep_1_DRIP-seq,SRX8908665_PRMT5_KD_rep_1_DRIP-seq.hg38.bw,all,hg38,SRR12412401,SRR12412402,SRR12412403,DRIP,SRR12412407,SRR12412408,SRR12412409,FALSE,hg38,FALSE,DNA,S9.6,75.66,GSM4714819,Richard,HS,U2OS,WT,siPRMT5,S9.6,1,Input,RES,SRX8908665,DRIP_U2OS_Richard_S9.6_SRX8908665
SRX8908666_PRMT5_KD_rep_2_DRIP-seq,SRX8908666_PRMT5_KD_rep_2_DRIP-seq.hg38.bw,all,hg38,SRR12412404,SRR12412405,SRR12412406,DRIP,SRR12412407,SRR12412408,SRR12412409,FALSE,hg38,FALSE,DNA,S9.6,75.84,GSM4714820,Richard,HS,U2OS,WT,siPRMT5,S9.6,2,Input,RES,SRX8908666,DRIP_U2OS_Richard_S9.6_SRX8908666
SRX8908668_XRN2_KD_rep_1_DRIP-seq,SRX8908668_XRN2_KD_rep_1_DRIP-seq.hg38.bw,all,hg38,SRR12412410,SRR12412411,SRR12412412,DRIP,SRR12412415,SRR12412416,SRR12412417,FALSE,hg38,FALSE,DNA,S9.6,75.75,GSM4714822,Richard,HS,U2OS,WT,siXRN2,S9.6,1,Input,RES,SRX8908668,DRIP_U2OS_Richard_S9.6_SRX8908668
SRX8908669_XRN2_KD_rep_2_DRIP-seq,SRX8908669_XRN2_KD_rep_2_DRIP-seq.hg38.bw,all,hg38,SRR12412413,SRR12412414,DRIP,SRR12412415,SRR12412416,SRR12412417,FALSE,hg38,FALSE,DNA,S9.6,75.76,GSM4714823,Richard,HS,U2OS,WT,siXRN2,S9.6,1,Input,RES,SRX8908669,DRIP_U2OS_Richard_S9.6_SRX8908669
SRX969059_AGS1_P2_DRIP-seq,SRX969059_AGS1_P2_DRIP-seq.hg38.bw,all,hg38,SRR1930147,DRIP,SRR1272443,FALSE,hg38,FALSE,DNA,S9.6,50,GSM1643591,Chedin,HS,Fibroblast,TREX1,AGS1-P2,S9.6,0,Input,RES,SRX969059,DRIP_Fibroblast_Chedin_S9.6_SRX969059
SRX969060_AGS5_P2_DRIP-seq,SRX969060_AGS5_P2_DRIP-seq.hg38.bw,all,hg38,SRR1930148,DRIP,SRR1272443,FALSE,hg38,FALSE,DNA,S9.6,50,GSM1643592,Chedin,HS,Fibroblast,SAMHD1,AGS5-P2,S9.6,0,Input,RES,SRX969060,DRIP_Fibroblast_Chedin_S9.6_SRX969060
SRX978416_DRIP_RNAseq_Control,SRX978416_DRIP_RNAseq_Control.mm10.bw,all,mm10,NA,NA,NA,NA,NA,NA,NA,NA,NA,NA,NA,NA,NA,NA,NA,NA,NA,NA,NA,NA,NA
SRX978417_DRIP_RNAseq_RNaseH,SRX978417_DRIP_RNAseq_RNaseH.mm10.bw,neg,mm10,NA,NA,NA,NA,NA,NA,NA,NA,NA,NA,NA,NA,NA,NA,NA,NA,NA,NA,NA,NA,NA
