experiment,mode,control,paired_end,genome,strand_specific,moeity,ip_type,sample_name,read_length,GSM,Group,Species,Cell,Genotype,Other,Condition,Replicate,ControlType,Shearing_method
"SRR393966,SRR891288,SRR891289",DRIVE,NA,FALSE,hg38,FALSE,RNA,RNaseH1,SRX113814_Ntera2_DNA,40,SRX113814,Chedin,HS,NT2,WT,NT,RNASEH1,0,None,RES
"SRR393965,SRR891287",DRIP,NA,FALSE,hg38,FALSE,DNA,S9.6,SRX113813_Ntera2_DNA,58,SRX113813,Chedin,HS,NT2,WT,NT,S9.6,1,None,RES
"SRR393964,SRR891285,SRR891286,SRR891290,SRR891291",DRIP,NA,FALSE,hg38,FALSE,DNA,S9.6,SRX113812_Ntera2_DNA,41,SRX113812,Chedin,HS,NT2,WT,NT,S9.6,2,None,RES
SRR3322169,DRIPc,NA,FALSE,mm10,TRUE,RNA,S9.6,SRX1674681_3T3_DRIPc-seq,100,GSM2104456,Chedin,MM,3T3,WT,NT,S9.6,0,None,RES
SRR2075679,DRIPc,NA,FALSE,hg38,TRUE,RNA,S9.6,SRX1070676_NT2_DRIPc-seq_rep_1,50,GSM1720613,Chedin,HS,NT2,WT,NT,S9.6,1,None,ER
SRR2075680,DRIPc,NA,FALSE,hg38,TRUE,RNA,S9.6,SRX1070677_NT2_DRIPc-seq_rep_2,50,GSM1720614,Chedin,HS,NT2,WT,NT,S9.6,2,None,RES
SRR2075681,DRIP,NA,FALSE,hg38,FALSE,DNA,S9.6,SRX1070678_NT2_DRIP-seq_1,50,GSM1720615,Chedin,HS,NT2,WT,NT,S9.6,1,None,RES
SRR2075682,DRIP,NA,FALSE,hg38,FALSE,DNA,S9.6,SRX1070679_NT2_DRIP-seq_2,50,GSM1720616,Chedin,HS,NT2,WT,NT,S9.6,2,None,RES
SRR2075683,DRIP,NA,FALSE,hg38,FALSE,DNA,S9.6,SRX1070680_NT2_DRIP-seq_RNaseA,100,GSM1720617,Chedin,HS,NT2,WT,RNaseA,S9.6,0,None,RES
SRR2075684,DRIP,NA,FALSE,hg38,FALSE,DNA,S9.6,SRX1070681_NT2_DRIP-seq_RNaseH,100,GSM1720618,Chedin,HS,NT2,WT,RNaseH,S9.6,0,None,RES
SRR2075685,DRIP,NA,FALSE,hg38,FALSE,DNA,S9.6,SRX1070682_K562_DRIP-seq,100,GSM1720619,Chedin,HS,K562,WT,NT,S9.6,0,None,RES
SRR2075686,DRIP,NA,FALSE,mm10,FALSE,DNA,S9.6,SRX1070683_E14_DRIP-seq,100,GSM1720620,Chedin,MM,E14,WT,NT,S9.6,0,None,RES
SRR2075687,DRIP,NA,FALSE,mm10,FALSE,DNA,S9.6,SRX1070684_3T3_DRIP-seq,100,GSM1720621,Chedin,MM,3T3,WT,NT,S9.6,0,None,RES
SRR5137204,DRIP,SRR5137203,FALSE,hg38,FALSE,DNA,S9.6,SRX2455195_UNKNOWN,50,SRR5137204,Szekvolgyi,HS,JURKAT,WT,NT,S9.6,1,Input,SON
SRR5137200,DRIP,SRR5137197,TRUE,hg38,FALSE,DNA,S9.6,SRX2455191_UNKNOWN,150,SRR5137200,Szekvolgyi,HS,JURKAT,WT,NT,S9.6,2,Input,SON
SRR5137198,DRIP,SRR5137199,FALSE,hg38,FALSE,DNA,S9.6,SRX2455189_UNKNOWN,50,SRR5137198,Szekvolgyi,HS,TCELL,WT,NT,S9.6,1,Input,SON
SRR5137201,DRIP,SRR5137202,FALSE,hg38,FALSE,DNA,S9.6,SRX2455192_UNKNOWN,50,SRR5137201,Szekvolgyi,HS,TCELL,WT,NT,S9.6,2,Input,SON
SRR2028291,RDIP,SRR2028292,TRUE,hg38,TRUE,RNA,S9.6,SRX1029475_IMR90_RDIP,101,GSM1687554,Nadel,HS,IMR90,WT,NT,S9.6,0,None,SON
SRR2028293,RDIP,SRR2028294,TRUE,hg38,TRUE,RNA,S9.6,SRX1029477_HEK293T_RDIP,101,GSM1687556,Nadel,HS,HEK293T,WT,NT,S9.6,0,None,SON
"SRR3585044,SRR3585043,SRR3585042",DRIP,"SRR3585045,SRR3585046,SRR3585047",FALSE,hg38,FALSE,DNA,S9.6,SRX1798983_Mock_S_96_DRIP_Seq,50,GSM2176714,Cimprich,HS,MCF7,WT,Veh-24hr,S9.6,0,Input,RES
SRR3585048,DRIP,"SRR3585045,SRR3585046,SRR3585047",FALSE,hg38,FALSE,DNA,S9.6,SRX1798985_Mock_RNaseH_S_96_DRIP_Seq,50,GSM2176716,Cimprich,HS,MCF7,WT,Veh-24hr,RNaseH1,0,Input,RES
"SRR3585051,SRR3585050,SRR3585049",DRIP,"SRR3585052,SRR3585053,SRR3585054",FALSE,hg38,FALSE,DNA,S9.6,SRX1798986_2hr_S_96_DRIP_Seq,50,GSM2176717,Cimprich,HS,MCF7,WT,E2-2hr,S9.6,0,Input,RES
"SRR3585055,SRR3585056,SRR3585057",DRIP,"SRR3585059,SRR3585060,SRR3585061",FALSE,hg38,FALSE,DNA,S9.6,SRX1798988_24hr_S_96_DRIP_Seq,50,GSM2176719,Cimprich,HS,MCF7,WT,E2-24hr,S9.6,0,Input,RES
SRR3585058,DRIP,"SRR3585059,SRR3585060,SRR3585061",FALSE,hg38,FALSE,DNA,S9.6,SRX1798989_24hr_RNAseH_S_96_DRIP_Seq,50,GSM2176720,Cimprich,HS,MCF7,WT,E2-24hr,RNaseH1,0,Input,RES
SRR1952485,DRIPc,SRR1952486,FALSE,mm10,TRUE,RNA,S9.6,SRX978416_DRIP_RNAseq_Control,47.47,GSM1650022,Fazzio,MM,E14,WT,NT,S9.6,0,RNH,RES
SRR5379771,R-ChIP,SRR5379772,FALSE,hg38,TRUE,RNA,RNaseH1,SRX2675003_HKE293-D210N-V5ChIP-Rep1,40,GSM2550993,Fu,HS,HEK293T,D210N,NT,V5,0,Input,SON
SRR5379773,R-ChIP,SRR5379774,FALSE,hg38,TRUE,RNA,RNaseH1,SRX2675005_HKE293-D210N-V5ChIP-Rep2,40,GSM2550997,Fu,HS,HEK293T,D210N,NT,V5,0,Input,SON
SRR5379775,R-ChIP,SRR5379776,FALSE,hg38,TRUE,RNA,RNaseH1,SRX2675007_HKE293-D210N-V5ChIP-Rep3,40,GSM2551001,Fu,HS,HEK293T,D210N,NT,V5,0,Input,SON
SRR5379777,R-ChIP,SRR5379778,FALSE,hg38,TRUE,RNA,RNaseH1,SRX2675009_HKE293-WKKD-V5ChIP,40,GSM2551004,Fu,HS,HEK293T,WKKD,NT,V5,0,Input,SON
SRR5379779,R-ChIP,NA,FALSE,hg38,TRUE,RNA,RNaseH1,SRX2675011_HKE293-Î”HC-V5ChIP,40,GSM2551006,Fu,HS,HEK293T,delta-HC,NT,V5,0,None,SON
SRR5379780,R-ChIP,SRR5379782,FALSE,hg38,TRUE,RNA,RNaseH1,SRX2675012_K562-D210N-V5ChIP-Rep1,40,GSM2551007,Fu,HS,K562,D210N,NT,V5,1,Input,SON
SRR5379781,R-ChIP,SRR5379782,FALSE,hg38,TRUE,RNA,RNaseH1,SRX2675013_K562-D210N-V5ChIP-Rep2,40,GSM2551008,Fu,HS,K562,D210N,NT,V5,2,Input,SON
SRR5379783,R-ChIP,NA,FALSE,hg38,TRUE,RNA,RNaseH1,SRX2675016_HKE293-DRB--V5ChIP-Rep1,40,GSM2551010,Fu,HS,HEK293T,D210N,NT,V5,1,None,SON
SRR5379785,R-ChIP,NA,FALSE,hg38,TRUE,RNA,RNaseH1,SRX2675017_HKE293-DRB--V5ChIP-Rep2,40,GSM2551011,Fu,HS,HEK293T,D210N,NT,V5,2,None,SON
SRR5379786,R-ChIP,NA,FALSE,hg38,TRUE,RNA,RNaseH1,SRX2675018_HKE293-DRBand-V5ChIP-Rep1,40,GSM2551012,Fu,HS,HEK293T,D210N,DRB,V5,1,None,SON
SRR5379787,R-ChIP,NA,FALSE,hg38,TRUE,RNA,RNaseH1,SRX2675019_HKE293-DRBand-V5ChIP-Rep2,40,GSM2551013,Fu,HS,HEK293T,D210N,DRB,V5,2,None,SON
SRR5379788,R-ChIP,NA,FALSE,hg38,TRUE,RNA,RNaseH1,SRX2675020_HKE293-Post-DRB-V5ChIP-Rep1,40,GSM2551014,Fu,HS,HEK293T,D210N,post-DRB,V5,1,None,SON
SRR5379789,R-ChIP,NA,FALSE,hg38,TRUE,RNA,RNaseH1,SRX2675021_HKE293-Post-DRB-V5ChIP-Rep2,40,GSM2551015,Fu,HS,HEK293T,D210N,post-DRB,V5,2,None,SON
SRR7171510,R-ChIP,SRR5379782,FALSE,hg38,TRUE,RNA,RNaseH1,SRX4089416_K562-WKKD-V5chip,40,GSM3143441,Fu,HS,K562,WKKD,NT,V5,0,Input,SON
SRR7358079,DRIP,SRR10168931,TRUE,hg38,FALSE,DNA,S9.6,SRX4231163_Control_DRIP-seq_1,150,GSM3196007,Capranico,HS,U2OS,WT,NT,S9.6,1,RNH,RES
SRR7358080,DRIP,SRR10168931,TRUE,hg38,FALSE,DNA,S9.6,SRX4231164_Control_DRIP-seq_2,150,GSM3196008,Capranico,HS,U2OS,WT,NT,S9.6,2,RNH,RES
SRR7358081,DRIP,SRR10168932,TRUE,hg38,FALSE,DNA,S9.6,SRX4231165_FG_DRIP-seq_1,150,GSM3196009,Capranico,HS,U2OS,WT,FG,S9.6,1,RNH,RES
SRR7358082,DRIP,SRR10168932,TRUE,hg38,FALSE,DNA,S9.6,SRX4231166_FG_DRIP-seq_2,150,GSM3196010,Capranico,HS,U2OS,WT,FG,S9.6,2,RNH,RES
SRR7358083,DRIP,SRR10168933,TRUE,hg38,FALSE,DNA,S9.6,SRX4231167_PDS_DRIP-seq_1,150,GSM3196011,Capranico,HS,U2OS,WT,PDS,S9.6,1,RNH,RES
SRR7358084,DRIP,SRR10168933,TRUE,hg38,FALSE,DNA,S9.6,SRX4231168_PDS_DRIP-seq_2,150,GSM3196012,Capranico,HS,U2OS,WT,PDS,S9.6,2,RNH,RES
SRR7895490,RDIP,NA,FALSE,hg38,TRUE,RNA,S9.6,SRX4732954_RNADIP_siLUC_rep1,160,GSM3399098,Proudfoot,HS,HeLa,WT,siLUC,S9.6,1,None,SON
SRR7895491,RDIP,NA,FALSE,hg38,TRUE,RNA,S9.6,SRX4732955_RNADIP_siSPT6_rep1,160,GSM3399099,Proudfoot,HS,HeLa,WT,siSPT6,S9.6,1,None,SON
SRR7895492,RDIP,NA,FALSE,hg38,TRUE,RNA,S9.6,SRX4732956_RNADIP_siLUC_rep2,85,GSM3399100,Proudfoot,HS,HeLa,WT,siLUC,S9.6,2,None,SON
SRR7895493,RDIP,NA,FALSE,hg38,TRUE,RNA,S9.6,SRX4732957_RNADIP_siSPT6_rep2,85,GSM3399101,Proudfoot,HS,HeLa,WT,siSPT6,S9.6,2,None,SON
SRR7592279,DRIP,SRR10143747,FALSE,hg38,FALSE,DNA,S9.6,SRX4457337_DRIP-S96-Bcell,100,GSM3306021,Cheung,HS,B-Cell,WT,NT,S9.6,0,None,SON
SRR5924157,DRIP,NA,FALSE,hg38,FALSE,DNA,S9.6,SRX3084730_Control_DRIP-seq,50,GSM2738369,Chedin,HS,HEK293T,WT,NT,S9.6,0,None,RES
SRR5924158,DRIP,NA,FALSE,hg38,FALSE,DNA,S9.6,SRX3084731_Scramble_DRIP-seq,50,GSM2738370,Chedin,HS,HEK293T,WT,siCTR,S9.6,0,None,RES
SRR5924159,DRIP,NA,FALSE,hg38,FALSE,DNA,S9.6,SRX3084732_Top1_KD_rep_1_DRIP-seq,50,GSM2738371,Chedin,HS,HEK293T,WT,siTOP1,S9.6,0,None,RES
SRR5924160,DRIP,NA,FALSE,hg38,FALSE,DNA,S9.6,SRX3084733_Top1_KD_rep_2_DRIP-seq,50,GSM2738372,Chedin,HS,HEK293T,WT,siTOP1,S9.6,0,None,RES
SRR5924161,DRIPc,NA,FALSE,hg38,TRUE,RNA,S9.6,SRX3084734_Control_DRIPc-seq,100,GSM2738373,Chedin,HS,HEK293T,WT,NT,S9.6,0,None,RES
SRR5924162,DRIPc,NA,FALSE,hg38,TRUE,RNA,S9.6,SRX3084735_Scramble_DRIPc-seq,100,GSM2738374,Chedin,HS,HEK293T,WT,siCTR,S9.6,0,None,RES
SRR5924163,DRIPc,NA,FALSE,hg38,TRUE,RNA,S9.6,SRX3084736_Top1_KD_rep_1_DRIPc-seq,100,GSM2738375,Chedin,HS,HEK293T,WT,siTOP1,S9.6,0,None,RES
SRR5924164,DRIPc,NA,FALSE,hg38,TRUE,RNA,S9.6,SRX3084737_Top1_KD_rep_2_DRIPc-seq,100,GSM2738376,Chedin,HS,HEK293T,WT,siTOP1,S9.6,0,None,RES
SRR2019278,DRIP,SRR2019281,FALSE,hg38,FALSE,DNA,S9.6,SRX1025890_TC32_NT_DRIP,51,GSM1683483,Bishop,HS,TC32,WT,DMSO,S9.6,0,Input,RES
SRR2019279,DRIP,SRR2019281,FALSE,hg38,FALSE,DNA,S9.6,SRX1025891_TC32_Etop_DRIP,51,GSM1683484,Bishop,HS,TC32,WT,Etop-50nM-6hr,S9.6,0,Input,RES
SRR2019280,DRIP,SRR2019281,FALSE,hg38,FALSE,DNA,S9.6,SRX1025892_TC32_RNH,51,GSM1683485,Bishop,HS,TC32,WT,DMSO,RNaseH1,0,Input,RES
SRR2019282,DRIP,SRR2019285,FALSE,hg38,FALSE,DNA,S9.6,SRX1025894_EWS502_NT_DRIP,51,GSM1683487,Bishop,HS,EWS502,WT,DMSO,S9.6,0,Input,RES
SRR2019283,DRIP,SRR2019285,FALSE,hg38,FALSE,DNA,S9.6,SRX1025895_EWS502_Etop_DRIP,51,GSM1683488,Bishop,HS,EWS502,WT,Etop-250nM-6hr,S9.6,0,Input,RES
SRR2019284,DRIP,SRR2019285,FALSE,hg38,FALSE,DNA,S9.6,SRX1025896_EWS502_RNH,51,GSM1683489,Bishop,HS,EWS502,WT,DMSO,RNaseH1,0,Input,RES
SRR2019286,DRIP,SRR2019289,FALSE,hg38,FALSE,DNA,S9.6,SRX1025898_CHLA10_NT_DRIP,51,GSM1683491,Bishop,HS,CHLA10,WT,DMSO,S9.6,0,Input,RES
SRR2019287,DRIP,SRR2019289,FALSE,hg38,FALSE,DNA,S9.6,SRX1025899_CHLA10_Etop_DRIP,51,GSM1683492,Bishop,HS,CHLA10,WT,Etop-150nM-6hr,S9.6,0,Input,RES
SRR2019288,DRIP,SRR2019289,FALSE,hg38,FALSE,DNA,S9.6,SRX1025900_CHLA10_RNH,51,GSM1683493,Bishop,HS,CHLA10,WT,DMSO,RNaseH1,0,Input,RES
SRR2019290,DRIP,SRR2019293,FALSE,hg38,FALSE,DNA,S9.6,SRX1025902_IMR90_NT_DRIP,51,GSM1683495,Bishop,HS,IMR90,WT,DMSO,S9.6,0,Input,RES
SRR2019291,DRIP,SRR2019293,FALSE,hg38,FALSE,DNA,S9.6,SRX1025903_IMR90_Etop_DRIP,51,GSM1683496,Bishop,HS,IMR90,WT,Etop-6uM-6hr,S9.6,0,Input,RES
SRR2019292,DRIP,SRR2019293,FALSE,hg38,FALSE,DNA,S9.6,SRX1025904_IMR90_RNH,51,GSM1683497,Bishop,HS,IMR90,WT,DMSO,RNaseH1,0,Input,RES
SRR2019294,DRIP,SRR2019303,FALSE,hg38,FALSE,DNA,S9.6,SRX1025906_U2OS-pMSCV_NT_DRIP,51,GSM1683499,Bishop,HS,U2OS,WT,DMSO-EV,S9.6,0,Input,RES
SRR2019295,DRIP,SRR2019303,FALSE,hg38,FALSE,DNA,S9.6,SRX1025907_U2OS-pMSCV_Etop_DRIP,51,GSM1683500,Bishop,HS,U2OS,WT,Etop-6uM-6hr-EV,S9.6,0,Input,RES
SRR2019296,DRIP,SRR2019303,FALSE,hg38,FALSE,DNA,S9.6,SRX1025908_U2OS-siCtrl_NT_DRIP,51,GSM1683501,Bishop,HS,U2OS,WT,DMSO-siCTR,S9.6,0,Input,RES
SRR2019297,DRIP,SRR2019303,FALSE,hg38,FALSE,DNA,S9.6,SRX1025909_U2OS-siCtrl_Etop_DRIP,51,GSM1683502,Bishop,HS,U2OS,WT,Etop-6uM-6hr-siCTR,S9.6,0,Input,RES
SRR2019298,DRIP,SRR2019303,FALSE,hg38,FALSE,DNA,S9.6,SRX1025910_U2OS-siEWSR1-1_NT_DRIP,51,GSM1683503,Bishop,HS,U2OS,WT,DMSO-siEWSR1,S9.6,0,Input,RES
SRR2019299,DRIP,SRR2019303,FALSE,hg38,FALSE,DNA,S9.6,SRX1025911_U2OS-siEWSR1-1_Etop_DRIP,51,GSM1683504,Bishop,HS,U2OS,WT,Etop-6uM-6hr-siEWSR1,S9.6,0,Input,RES
SRR2019300,DRIP,SRR2019303,FALSE,hg38,FALSE,DNA,S9.6,SRX1025912_U2OS-siEWSR1-2_NT_DRIP,51,GSM1683505,Bishop,HS,U2OS,WT,DMSO-siEWSR1,S9.6,0,Input,RES
SRR2019301,DRIP,SRR2019303,FALSE,hg38,FALSE,DNA,S9.6,SRX1025913_U2OS-siEWSR1-2_Etop_DRIP,51,GSM1683506,Bishop,HS,U2OS,WT,Etop-6uM-6hr-siEWSR1,S9.6,0,Input,RES
SRR2019302,DRIP,SRR2019303,FALSE,hg38,FALSE,DNA,S9.6,SRX1025914_U2OS_RNH,51,GSM1683507,Bishop,HS,U2OS,WT,DMSO,RNaseH1,0,Input,RES
SRR5443664,DRIP,NA,TRUE,hg38,FALSE,DNA,S9.6,SRX2733011_DRIP01,75.47,GSM2574364,Bushell,HS,U2OS,WT,DMSO-siCTR,S9.6,0,None,AsiSI-SON
SRR5443665,DRIP,NA,TRUE,hg38,FALSE,DNA,S9.6,SRX2733012_DRIP02,75.48,GSM2574365,Bushell,HS,U2OS,WT,4-OHT-siCTR,S9.6,0,None,AsiSI-SON
SRR5443666,DRIP,NA,TRUE,hg38,FALSE,DNA,S9.6,SRX2733013_DRIP03,75.47,GSM2574366,Bushell,HS,U2OS,WT,DMSO-siDrosha,S9.6,0,None,AsiSI-SON
SRR5443667,DRIP,NA,TRUE,hg38,FALSE,DNA,S9.6,SRX2733014_DRIP04,75.47,GSM2574367,Bushell,HS,U2OS,WT,4-OHT-siDrosha,S9.6,0,None,AsiSI-SON
SRR5164421,DRIP,SRR5164422,TRUE,hg38,FALSE,DNA,S9.6,SRX2481503_S96_DRIP_Seq_1,76,GSM2452072,Cimprich,HS,HeLa,WT,siCTR,S9.6,0,Input,RES
SRR5683211,DRIP,SRR5683212,TRUE,hg38,FALSE,DNA,S9.6,SRX2918366_S96_DRIP_Seq_2,76,GSM2668157,Cimprich,HS,HeLa,WT,siCTR,S9.6,0,Input,RES
SRR5346305,DRIP,NA,FALSE,hg38,FALSE,DNA,S9.6,SRX2642935_DRIPseq_NC_1_Stromal,51,GSM2537882,Li,HS,STR,WT,BSC117,S9.6,0,None,RES
SRR5346306,DRIP,NA,FALSE,hg38,FALSE,DNA,S9.6,SRX2642936_DRIPseq_NC_1_Basal,51,GSM2537883,Li,HS,BE,WT,BSC117,S9.6,0,None,RES
SRR5346307,DRIP,NA,FALSE,hg38,FALSE,DNA,S9.6,SRX2642937_DRIPseq_NC_1_LP,51,GSM2537884,Li,HS,LP,WT,BSC117,S9.6,0,None,RES
SRR5346308,DRIP,NA,FALSE,hg38,FALSE,DNA,S9.6,SRX2642938_DRIPseq_NC_1_ML,51,GSM2537885,Li,HS,ML,WT,BSC117,S9.6,0,None,RES
SRR5346309,DRIP,NA,FALSE,hg38,FALSE,DNA,S9.6,SRX2642939_DRIPseq_NC_2_Stromal,51,GSM2537886,Li,HS,STR,WT,BSC119,S9.6,0,None,RES
SRR5346310,DRIP,NA,FALSE,hg38,FALSE,DNA,S9.6,SRX2642940_DRIPseq_NC_2_Basal,51,GSM2537887,Li,HS,BE,WT,BSC119,S9.6,0,None,RES
SRR5346311,DRIP,NA,FALSE,hg38,FALSE,DNA,S9.6,SRX2642941_DRIPseq_NC_2_LP,51,GSM2537888,Li,HS,LP,WT,BSC119,S9.6,0,None,RES
SRR5346312,DRIP,NA,FALSE,hg38,FALSE,DNA,S9.6,SRX2642942_DRIPseq_NC_2_ML,51,GSM2537889,Li,HS,ML,WT,BSC119,S9.6,0,None,RES
SRR5346313,DRIP,NA,FALSE,hg38,FALSE,DNA,S9.6,SRX2642943_DRIPseq_NC_3_Stromal,51,GSM2537890,Li,HS,STR,WT,BSC132,S9.6,0,None,RES
SRR5346314,DRIP,NA,FALSE,hg38,FALSE,DNA,S9.6,SRX2642944_DRIPseq_NC_3_Basal,51,GSM2537891,Li,HS,BE,WT,BSC132,S9.6,0,None,RES
SRR5346315,DRIP,NA,FALSE,hg38,FALSE,DNA,S9.6,SRX2642945_DRIPseq_NC_3_LP,51,GSM2537892,Li,HS,LP,WT,BSC132,S9.6,0,None,RES
SRR5346316,DRIP,NA,FALSE,hg38,FALSE,DNA,S9.6,SRX2642946_DRIPseq_NC_3_ML,51,GSM2537893,Li,HS,ML,WT,BSC132,S9.6,0,None,RES
SRR5346317,DRIP,NA,FALSE,hg38,FALSE,DNA,S9.6,SRX2642947_DRIPseq_NC_4_Stromal,51,GSM2537894,Li,HS,STR,WT,BSC134,S9.6,0,None,RES
SRR5346318,DRIP,NA,FALSE,hg38,FALSE,DNA,S9.6,SRX2642948_DRIPseq_NC_4_Basal,51,GSM2537895,Li,HS,BE,WT,BSC134,S9.6,0,None,RES
SRR5346319,DRIP,NA,FALSE,hg38,FALSE,DNA,S9.6,SRX2642949_DRIPseq_NC_4_LP,51,GSM2537896,Li,HS,LP,WT,BSC134,S9.6,0,None,RES
SRR5346320,DRIP,NA,FALSE,hg38,FALSE,DNA,S9.6,SRX2642950_DRIPseq_NC_4_ML,51,GSM2537897,Li,HS,ML,WT,BSC134,S9.6,0,None,RES
SRR5346321,DRIP,NA,FALSE,hg38,FALSE,DNA,S9.6,SRX2642951_DRIPseq_B1_1_Stromal,51,GSM2537898,Li,HS,STR,BRCA1,BSC107,S9.6,0,None,RES
SRR5346322,DRIP,NA,FALSE,hg38,FALSE,DNA,S9.6,SRX2642952_DRIPseq_B1_1_Basal,51,GSM2537899,Li,HS,BE,BRCA1,BSC107,S9.6,0,None,RES
SRR5346323,DRIP,NA,FALSE,hg38,FALSE,DNA,S9.6,SRX2642953_DRIPseq_B1_1_LP,51,GSM2537900,Li,HS,LP,BRCA1,BSC107,S9.6,0,None,RES
SRR5346324,DRIP,NA,FALSE,hg38,FALSE,DNA,S9.6,SRX2642954_DRIPseq_B1_1_ML,51,GSM2537901,Li,HS,ML,BRCA1,BSC107,S9.6,0,None,RES
SRR5346325,DRIP,NA,FALSE,hg38,FALSE,DNA,S9.6,SRX2642955_DRIPseq_B1_2_Stromal,51,GSM2537902,Li,HS,STR,BRCA1,BSC115,S9.6,0,None,RES
SRR5346326,DRIP,NA,FALSE,hg38,FALSE,DNA,S9.6,SRX2642956_DRIPseq_B1_2_Basal,51,GSM2537903,Li,HS,BE,BRCA1,BSC115,S9.6,0,None,RES
SRR5346327,DRIP,NA,FALSE,hg38,FALSE,DNA,S9.6,SRX2642957_DRIPseq_B1_2_LP,51,GSM2537904,Li,HS,LP,BRCA1,BSC115,S9.6,0,None,RES
SRR5346328,DRIP,NA,FALSE,hg38,FALSE,DNA,S9.6,SRX2642958_DRIPseq_B1_2_ML,51,GSM2537905,Li,HS,ML,BRCA1,BSC115,S9.6,0,None,RES
SRR5346329,DRIP,NA,FALSE,hg38,FALSE,DNA,S9.6,SRX2642959_DRIPseq_B1_3_Stromal,51,GSM2537906,Li,HS,STR,BRCA1,BSC120,S9.6,0,None,RES
SRR5346330,DRIP,NA,FALSE,hg38,FALSE,DNA,S9.6,SRX2642960_DRIPseq_B1_3_Basal,51,GSM2537907,Li,HS,BE,BRCA1,BSC120,S9.6,0,None,RES
SRR5346331,DRIP,NA,FALSE,hg38,FALSE,DNA,S9.6,SRX2642961_DRIPseq_B1_3_LP,51,GSM2537908,Li,HS,LP,BRCA1,BSC120,S9.6,0,None,RES
SRR5346332,DRIP,NA,FALSE,hg38,FALSE,DNA,S9.6,SRX2642962_DRIPseq_B1_3_ML,51,GSM2537909,Li,HS,BL,BRCA1,BSC120,S9.6,0,None,RES
SRR5346333,DRIP,NA,FALSE,hg38,FALSE,DNA,S9.6,SRX2642963_DRIPseq_B1_4_Stromal,51,GSM2537910,Li,HS,STR,BRCA1,BSC127,S9.6,0,None,RES
SRR5346334,DRIP,NA,FALSE,hg38,FALSE,DNA,S9.6,SRX2642964_DRIPseq_B1_4_Basal,51,GSM2537911,Li,HS,BE,BRCA1,BSC127,S9.6,0,None,RES
SRR5346335,DRIP,NA,FALSE,hg38,FALSE,DNA,S9.6,SRX2642965_DRIPseq_B1_4_LP,51,GSM2537912,Li,HS,LP,BRCA1,BSC127,S9.6,0,None,RES
SRR5346336,DRIP,NA,FALSE,hg38,FALSE,DNA,S9.6,SRX2642966_DRIPseq_B1_4_ML,51,GSM2537913,Li,HS,ML,BRCA1,BSC127,S9.6,0,None,RES
SRR5346339,DRIP,NA,FALSE,hg38,FALSE,DNA,S9.6,SRX2642969_DRIPseq_B1_4_LP_RH,51,GSM2537916,Li,HS,LP,BRCA1,BSC127,S9.6,0,None,RES
SRR5346340,DRIP,NA,FALSE,hg38,FALSE,DNA,S9.6,SRX2642970_DRIPseq_B1_4_ML_RH,51,GSM2537917,Li,HS,ML,BRCA1,BSC127,S9.6,0,None,RES
SRR4291521,DRIP,SRR4291517,FALSE,hg38,FALSE,DNA,S9.6,SRX2187019_DRIP_shCtrl_IgG_rep1,49.65,GSM2326827,Staropoli,HS,SHS5Y5,WT,shCTR,IgG,0,Input,RES
SRR4291522,DRIP,SRR4291518,FALSE,hg38,FALSE,DNA,S9.6,SRX2187020_DRIP_shCtrl_IgG_rep2,49.82,GSM2326828,Staropoli,HS,SHS5Y5,WT,shCTR,IgG,0,Input,RES
SRR4291523,DRIP,SRR4291519,FALSE,hg38,FALSE,DNA,S9.6,SRX2187021_DRIP_shSMN_IgG_rep1,49.71,GSM2326829,Staropoli,HS,SHS5Y5,WT,shSMN,IgG,0,Input,RES
SRR4291524,DRIP,SRR4291520,FALSE,hg38,FALSE,DNA,S9.6,SRX2187022_DRIP_shSMN_IgG_rep2,49.58,GSM2326830,Staropoli,HS,SHS5Y5,WT,shSMN,IgG,0,Input,RES
SRR4291525,DRIP,SRR4291517,FALSE,hg38,FALSE,DNA,S9.6,SRX2187023_DRIP_shCtrl_S96_rep1,49.52,GSM2326831,Staropoli,HS,SHS5Y5,WT,shCTR,S9.6,0,Input,RES
SRR4291526,DRIP,SRR4291518,FALSE,hg38,FALSE,DNA,S9.6,SRX2187024_DRIP_shCtrl_S96_rep2,49.52,GSM2326832,Staropoli,HS,SHS5Y5,WT,shCTR,S9.6,0,Input,RES
SRR4291527,DRIP,SRR4291519,FALSE,hg38,FALSE,DNA,S9.6,SRX2187025_DRIP_shSMN_S96_rep1,49.53,GSM2326833,Staropoli,HS,SHS5Y5,WT,shSMN,S9.6,0,Input,RES
SRR4291528,DRIP,SRR4291520,FALSE,hg38,FALSE,DNA,S9.6,SRX2187026_DRIP_shSMN_S96_rep2,49.53,GSM2326834,Staropoli,HS,SHS5Y5,WT,shSMN,S9.6,0,Input,RES
SRR1272444,DRIP,SRR1272443,FALSE,hg38,FALSE,DNA,S9.6,SRX534094_Control_1_DRIP-seq,100,GSM1380854,Chedin,HS,Fibroblast,WT,Healthy,S9.6,0,Input,RES
SRR1272445,DRIP,SRR1272443,FALSE,hg38,FALSE,DNA,S9.6,SRX534095_AGS1_P1_DRIP-seq,100,GSM1380855,Chedin,HS,Fibroblast,TREX1,AGS1-P1,S9.6,0,Input,RES
SRR1272446,DRIP,SRR1272443,FALSE,hg38,FALSE,DNA,S9.6,SRX534096_AGS2_P1_DRIP-seq,45.42,GSM1380856,Chedin,HS,Fibroblast,RNASEH2B,AGS2-P1,S9.6,0,Input,RES
SRR1272447,DRIP,SRR1272443,FALSE,hg38,FALSE,DNA,S9.6,SRX534097_AGS2_P2_DRIP-seq,100,GSM1380857,Chedin,HS,Fibroblast,RNASEH2B,AGS2-P2,S9.6,0,Input,RES
SRR1272448,DRIP,SRR1272443,FALSE,hg38,FALSE,DNA,S9.6,SRX534098_AGS4_P1_DRIP-seq,44.81,GSM1380858,Chedin,HS,Fibroblast,RNASEH2A,AGS4-P1,S9.6,0,Input,RES
SRR1272449,DRIP,SRR1272443,FALSE,hg38,FALSE,DNA,S9.6,SRX534099_AGS4_P2_DRIP-seq,100,GSM1380859,Chedin,HS,Fibroblast,RNASEH2A,AGS4-P2,S9.6,0,Input,RES
SRR1272450,DRIP,SRR1272443,FALSE,hg38,FALSE,DNA,S9.6,SRX534100_AGS5_P1_DRIP-seq,100,GSM1380860,Chedin,HS,Fibroblast,SAMHD1,AGS5-P1,S9.6,0,Input,RES
SRR1295464,DRIP,SRR1272443,FALSE,hg38,FALSE,DNA,S9.6,SRX550078_Control_3_DRIP-seq,44,GSM1395356,Chedin,HS,Fibroblast,WT,Healthy,S9.6,0,Input,RES
SRR1930148,DRIP,SRR1272443,FALSE,hg38,FALSE,DNA,S9.6,SRX969060_AGS5_P2_DRIP-seq,50,GSM1643592,Chedin,HS,Fibroblast,SAMHD1,AGS5-P2,S9.6,0,Input,RES
SRR1930147,DRIP,SRR1272443,FALSE,hg38,FALSE,DNA,S9.6,SRX969059_AGS1_P2_DRIP-seq,50,GSM1643591,Chedin,HS,Fibroblast,TREX1,AGS1-P2,S9.6,0,Input,RES
SRR797877,DRIP,SRR797876,FALSE,hg38,FALSE,DNA,S9.6,SRX255721_NT2_DRIP-seq_1,42.39,GSM1108096,Chedin,HS,NT2,WT,NT,S9.6,1,None,RES
SRR797879,DRIP,SRR797878,FALSE,hg38,FALSE,DNA,S9.6,SRX255723_NT2_DRIP-seq_2_rep_1,42.33,GSM1108098,Chedin,HS,NT2,WT,NT,S9.6,1,None,BNANP
SRR797880,DRIP,SRR797878,FALSE,hg38,FALSE,DNA,S9.6,SRX255724_NT2_DRIP-seq_2_rep_2,42.43,GSM1108099,Chedin,HS,NT2,WT,NT,S9.6,2,None,BNANP
SRR5388591,R-ChIP,SRR5388589,FALSE,hg38,TRUE,RNA,RNaseH1,SRX2683574_chipseqSRSF2P95H5h_V5_rep1,40,GSM2559372,Fu,HS,HEK293T,D210N,SRSF2-P95H-DOX,V5,1,Input,SON
SRR5388592,R-ChIP,SRR5388590,FALSE,hg38,TRUE,RNA,RNaseH1,SRX2683575_chipseqSRSF2P95H5h_V5_rep2,40,GSM2559373,Fu,HS,HEK293T,D210N,SRSF2-P95H-DOX,V5,2,Input,SON
SRR5388595,R-ChIP,SRR5388593,FALSE,hg38,TRUE,RNA,RNaseH1,SRX2683578_chipseqSRSF2P95HCtr_V5_rep1,40,GSM2559376,Fu,HS,HEK293T,D210N,SRSF2-P95H-CTR,V5,1,Input,SON
SRR5388596,R-ChIP,SRR5388594,FALSE,hg38,TRUE,RNA,RNaseH1,SRX2683579_chipseqSRSF2P95HCtr_V5_rep2,40,GSM2559377,Fu,HS,HEK293T,D210N,SRSF2-P95H-CTR,V5,2,Input,SON
SRR5388603,R-ChIP,SRR5388601,FALSE,hg38,TRUE,RNA,RNaseH1,SRX2683586_chipseqSRSF2WT5h_V5_rep1,40,GSM2559384,Fu,HS,HEK293T,D210N,SRSF2-WT-DOX,V5,1,Input,SON
SRR5388604,R-ChIP,SRR5388602,FALSE,hg38,TRUE,RNA,RNaseH1,SRX2683587_chipseqSRSF2WT5h_V5_rep2,40,GSM2559385,Fu,HS,HEK293T,D210N,SRSF2-WT-DOX,V5,2,Input,SON
SRR5388607,R-ChIP,SRR5388605,FALSE,hg38,TRUE,RNA,RNaseH1,SRX2683590_chipseqSRSF2WTCtr_V5_rep1,40,GSM2559388,Fu,HS,HEK293T,D210N,SRSF2-WT-CTR,V5,1,Input,SON
SRR5388608,R-ChIP,SRR5388606,FALSE,hg38,TRUE,RNA,RNaseH1,SRX2683591_chipseqSRSF2WTCtr_V5_rep2,40,GSM2559389,Fu,HS,HEK293T,D210N,SRSF2-WT-CTR,V5,2,Input,SON
SRR5388611,R-ChIP,SRR5388613,FALSE,hg38,TRUE,RNA,RNaseH1,SRX2683594_chipseqU2AF35Q157P5h_V5_rep1,40,GSM2559392,Fu,HS,HEK293T,D210N,U2AF-35Q157P-DOX,V5,1,Input,SON
SRR5388612,R-ChIP,SRR5388613,FALSE,hg38,TRUE,RNA,RNaseH1,SRX2683595_chipseqU2AF35Q157P5h_V5_rep2,40,GSM2559393,Fu,HS,HEK293T,D210N,U2AF-35Q157P-DOX,V5,2,Input,SON
SRR5388614,R-ChIP,SRR5388613,FALSE,hg38,TRUE,RNA,RNaseH1,SRX2683597_chipseqU2AF35Q157PCtr_V5_rep1,40,GSM2559395,Fu,HS,HEK293T,D210N,U2AF-35Q157P-CTR,V5,1,Input,SON
SRR5388615,R-ChIP,SRR5388613,FALSE,hg38,TRUE,RNA,RNaseH1,SRX2683598_chipseqU2AF35Q157PCtr_V5_rep2,40,GSM2559396,Fu,HS,HEK293T,D210N,U2AF-35Q157P-CTR,V5,2,Input,SON
SRR5388618,R-ChIP,SRR5388620,FALSE,hg38,TRUE,RNA,RNaseH1,SRX2683601_chipseqU2AF35WT5h_V5_rep1,40,GSM2559399,Fu,HS,HEK293T,D210N,U2AF-WT-DOX,V5,1,Input,SON
SRR5388619,R-ChIP,SRR5388620,FALSE,hg38,TRUE,RNA,RNaseH1,SRX2683602_chipseqU2AF35WT5h_V5_rep2,40,GSM2559400,Fu,HS,HEK293T,D210N,U2AF-WT-DOX,V5,2,Input,SON
SRR5388621,R-ChIP,SRR5388620,FALSE,hg38,TRUE,RNA,RNaseH1,SRX2683604_chipseqU2AF35WTCtr_V5_rep1,40,GSM2559402,Fu,HS,HEK293T,D210N,U2AF-WT-CTR,V5,1,Input,SON
SRR5388622,R-ChIP,SRR5388620,FALSE,hg38,TRUE,RNA,RNaseH1,SRX2683605_chipseqU2AF35WTCtr_V5_rep2,40,GSM2559403,Fu,HS,HEK293T,D210N,U2AF-WT-CTR,V5,2,Input,SON
SRR5388625,R-ChIP,SRR5388629,FALSE,hg38,TRUE,RNA,RNaseH1,SRX2683608_chipseqU2AF35S34F5h_V5_rep1,40,GSM2559406,Fu,HS,HEK293T,D210N,U2AF-35S34F-DOX,V5,1,Input,SON
SRR5388626,R-ChIP,SRR5388629,FALSE,hg38,TRUE,RNA,RNaseH1,SRX2683609_chipseqU2AF35S34F5h_V5_rep2,40,GSM2559407,Fu,HS,HEK293T,D210N,U2AF-35S34F-DOX,V5,2,Input,SON
SRR5388627,R-ChIP,SRR5388629,FALSE,hg38,TRUE,RNA,RNaseH1,SRX2683610_chipseqU2AF35S34FCtr_V5_rep1,40,GSM2559408,Fu,HS,HEK293T,D210N,U2AF-35S34F-CTR,V5,1,Input,SON
SRR5388628,R-ChIP,SRR5388629,FALSE,hg38,TRUE,RNA,RNaseH1,SRX2683611_chipseqU2AF35S34FCtr_V5_rep2,40,GSM2559409,Fu,HS,HEK293T,D210N,U2AF-35S34F-CTR,V5,2,Input,SON
SRR10620337,R-ChIP,SRR10620336,TRUE,hg38,TRUE,RNA,RNaseH1,SRX7299431_DMSO-R-ChIP,150,GSM4212859,Floyd,HS,HeLa,D210N,DMSO,V5,0,Input,SON
SRR10620341,R-ChIP,SRR10620340,TRUE,hg38,TRUE,RNA,RNaseH1,SRX7299435_dBET6-R-ChIP,150,GSM4212863,Floyd,HS,HeLa,D210N,dBET,V5,0,Input,SON
SRR8756903,RR-ChIP,SRR10045351,TRUE,hg38,TRUE,RNA,RNaseH1,SRX5547605_Replicate_1_RR-ChIP_seq_D210N,41.49,GSM3681019,Proudfoot,HS,HeLa,RNHGFP,NT,D210N,1,Input,"NA"
SRR8756904,RR-ChIP,SRR10045353,TRUE,hg38,TRUE,RNA,RNaseH1,SRX5547606_Replicate_2_RR-ChIP_seq_D210N,41.49,GSM3681020,Proudfoot,HS,HeLa,RNHGFP,NT,D210N,2,Input,SON
SRR11596276,RR-ChIP,NA,TRUE,hg38,TRUE,RNA,RNaseH1,SRX5547607_RR-ChIP_seq_WKKD,41.53,GSM3681021,Proudfoot,HS,HeLa,RNHGFP,NT,WKKD,0,None,SON
SRR10045352,RDIP,NA,FALSE,hg38,TRUE,RNA,S9.6,SRX6779957_Replicate1_RDIP_pRNH1-GFP,84.55,GSM4048019,Proudfoot,HS,HeLa,RNHGFP,NT,RNaseH1,1,None,SON
SRR10045354,RDIP,NA,FALSE,hg38,TRUE,RNA,S9.6,SRX6779959_Replicate2_RDIP_pRNH1-GFP,84.55,GSM4048021,Proudfoot,HS,HeLa,RNHGFP,NT,RNaseH1,2,None,SON
SRR11015900,RDIP,NA,TRUE,hg38,TRUE,RNA,S9.6,SRX7671349_RDIPseq_RNAseH1oe,41.51,GSM4295072,Proudfoot,HS,HeLa,RNAseH1oe,NT,RNaseH1,2,None,SON
SRR7942332,MapR,SRR7942333,TRUE,hg38,FALSE,RNA,RNaseH1,SRX4776615_MapR_293_rep1,38,GSM3406747,Sarma,HS,HEK293T,WT,NT,dRNH,1,Input,MNase
SRR7942334,MapR,SRR7942336,TRUE,hg38,FALSE,RNA,RNaseH1,SRX4776617_MapR_293_rep2_tech1,38,GSM3406749,Sarma,HS,HEK293T,WT,NT,dRNH,2a,Input,MNase
SRR7942335,MapR,SRR7942337,TRUE,hg38,FALSE,RNA,RNaseH1,SRX4776618_MapR_293_rep2_tech2,38,GSM3406750,Sarma,HS,HEK293T,WT,NT,dRNH,2b,Input,MNase
SRR7942338,MapR,SRR7942339,TRUE,hg38,FALSE,RNA,RNaseH1,SRX4776621_MapR_293_rep3,38,GSM3406753,Sarma,HS,HEK293T,WT,NT,dRNH,3,Input,MNase
SRR7942340,RNH-CnR,SRR7942341,TRUE,hg38,FALSE,RNA,RNaseH1,SRX4776623_RHdcatCnR_293_rep1,38,GSM3406755,Sarma,HS,HEK293T,RNHdFLAG,NT,FLAG,1,Input,MNase
SRR7942342,RNH-CnR,SRR7942343,TRUE,hg38,FALSE,RNA,RNaseH1,SRX4776625_RHdcatCnR_293_rep2,38,GSM3406757,Sarma,HS,HEK293T,RNHdFLAG,NT,FLAG,2,Input,MNase
SRR7942344,RNH-CnR,NA,TRUE,hg38,FALSE,RNA,RNaseH1,SRX4776627_RHdcatCnR_293_rep3,38,GSM3406759,Sarma,HS,HEK293T,RNHdFLAG,NT,FLAG,3,None,MNase
SRR7942345,MapR,SRR7942346,TRUE,hg38,FALSE,RNA,RNaseH1,SRX4776628_MapR_293_RH_rep1,38,GSM3406760,Sarma,HS,HEK293T,WT,exoRNH,dRNH,1,Input,MNase
SRR7942347,MapR,SRR7942348,TRUE,hg38,FALSE,RNA,RNaseH1,SRX4776630_MapR_293_RH_rep2,38,GSM3406762,Sarma,HS,HEK293T,WT,exoRNH,dRNH,2,Input,MNase
SRR7942349,MapR,SRR7942350,TRUE,hg38,FALSE,RNA,RNaseH1,SRX4776632_MapR_293_ActD_rep1,38,GSM3406764,Sarma,HS,HEK293T,WT,ActD,dRNH,1,Input,MNase
SRR7942351,MapR,SRR7942352,TRUE,hg38,FALSE,RNA,RNaseH1,SRX4776634_MapR_293_ActD_rep2,38,GSM3406766,Sarma,HS,HEK293T,WT,ActD,dRNH,2,Input,MNase
SRR7942353,MapR,SRR7942355,TRUE,hg38,FALSE,RNA,RNaseH1,SRX4776636_MapR_U87T_rep1_tech1,38,GSM3406768,Sarma,HS,U87T,WT,NT,dRNH,1a,Input,MNase
SRR7942354,MapR,SRR7942356,TRUE,hg38,FALSE,RNA,RNaseH1,SRX4776637_MapR_U87T_rep1_tech2,38,GSM3406769,Sarma,HS,U87T,WT,NT,dRNH,1b,Input,MNase
SRR7942357,MapR,SRR7942358,TRUE,hg38,FALSE,RNA,RNaseH1,SRX4776640_MapR_U87T_rep2,38,GSM3406772,Sarma,HS,U87T,WT,NT,dRNH,2,Input,MNase
SRR7942359,MapR,SRR7942360,TRUE,hg38,FALSE,RNA,RNaseH1,SRX4776642_MapR_U87T_100K,38,GSM3406774,Sarma,HS,U87T,WT,NT100K,dRNH,0,Input,MNase
SRR7942361,MapR,SRR7942362,TRUE,hg38,FALSE,RNA,RNaseH1,SRX4776644_MapR_U87T_RH_rep1,38,GSM3406776,Sarma,HS,U87T,WT,exoRNH,dRNH,1,Input,MNase
SRR7942363,MapR,SRR7942364,TRUE,hg38,FALSE,RNA,RNaseH1,SRX4776646_MapR_U87T_RH_rep2,38,GSM3406778,Sarma,HS,U87T,WT,exoRNH,dRNH,2,Input,MNase
SRR7942365,MapR,SRR7942366,TRUE,hg38,FALSE,RNA,RNaseH1,SRX4776648_MapR_U87T_ActD_rep1,38,GSM3406780,Sarma,HS,U87T,WT,ActD,dRNH,1,Input,MNase
SRR7942367,MapR,SRR7942368,TRUE,hg38,FALSE,RNA,RNaseH1,SRX4776650_MapR_U87T_ActD_rep2,38,GSM3406782,Sarma,HS,U87T,WT,ActD,dRNH,2,Input,MNase
SRR9667901,ssDRIP,NA,TRUE,hg38,TRUE,DNA,S9.6,SRX6428486_shCTRL_ssDRIP_rep1,150,GSM3937232,Yang,HS,HeLa,shCTRL,NT,S9.6,1,None,RES
SRR9667902,ssDRIP,NA,TRUE,hg38,TRUE,DNA,S9.6,SRX6428487_shCTRL_ssDRIP_rep2,150,GSM3937233,Yang,HS,HeLa,shCTRL,NT,S9.6,2,None,RES
SRR9667903,ssDRIP,NA,TRUE,hg38,TRUE,DNA,S9.6,SRX6428488_shCTRL_ssDRIP_rep3,150,GSM3937234,Yang,HS,HeLa,shCTRL,NT,S9.6,3,None,RES
SRR9667906,ssDRIP,NA,TRUE,hg38,TRUE,DNA,S9.6,SRX6428491_shMETTL3_ssDRIP_rep1,150,GSM3937237,Yang,HS,HeLa,shMETTL3,NT,S9.6,1,None,RES
SRR9667907,ssDRIP,NA,TRUE,hg38,TRUE,DNA,S9.6,SRX6428492_shMETTL3_ssDRIP_rep2,150,GSM3937238,Yang,HS,HeLa,shMETTL3,NT,S9.6,2,None,RES
SRR9667908,ssDRIP,NA,TRUE,hg38,TRUE,DNA,S9.6,SRX6428493_shMETTL3_ssDRIP_rep3,150,GSM3937239,Yang,HS,HeLa,shMETTL3,NT,S9.6,3,None,RES
SRR9667909,ssDRIP,NA,TRUE,hg38,TRUE,DNA,S9.6,SRX6428494_shCTRL_EV_ssDRIP_rep1,150,GSM3937240,Yang,HS,HeLa,shCTRL,EV,S9.6,1,None,RES
SRR9667910,ssDRIP,NA,TRUE,hg38,TRUE,DNA,S9.6,SRX6428495_shCTRL_EV_ssDRIP_rep2,150,GSM3937241,Yang,HS,HeLa,shCTRL,EV,S9.6,2,None,RES
SRR9667911,ssDRIP,NA,TRUE,hg38,TRUE,DNA,S9.6,SRX6428496_shMETTL3_EV_ssDRIP_rep1,150,GSM3937242,Yang,HS,HeLa,shMETTL3,EV,S9.6,1,None,RES
SRR9667912,ssDRIP,NA,TRUE,hg38,TRUE,DNA,S9.6,SRX6428497_shMETTL3_EV_ssDRIP_rep2,150,GSM3937243,Yang,HS,HeLa,shMETTL3,EV,S9.6,2,None,RES
SRR9667913,ssDRIP,NA,TRUE,hg38,TRUE,DNA,S9.6,SRX6428498_shMETTL3_mut_ssDRIP_rep1,150,GSM3937244,Yang,HS,HeLa,shMETTL3,mutMETTL3OE,S9.6,1,None,RES
SRR9667915,ssDRIP,NA,TRUE,hg38,TRUE,DNA,S9.6,SRX6428500_shMETTL3_WT_ssDRIP_rep1,150,GSM3937246,Yang,HS,HeLa,shMETTL3,wtMETTL3OE,S9.6,1,None,RES
SRR9667916,ssDRIP,NA,TRUE,hg38,TRUE,DNA,S9.6,SRX6428501_shMETTL3_WT_ssDRIP_rep2,150,GSM3937247,Yang,HS,HeLa,shMETTL3,wtMETTL3OE,S9.6,2,None,RES
SRR9667914,ssDRIP,NA,TRUE,hg38,TRUE,DNA,S9.6,SRX6428499_shMETTL3_mut_ssDRIP_rep2,150,GSM3937245,Yang,HS,HeLa,shMETTL3,mutMETTL3OE,S9.6,2,None,RES
SRR9074472,DRIPc,NA,FALSE,hg38,TRUE,RNA,S9.6,SRX5849996_DRIPc-seq_RNaseA_treated,90,GSM3772637,Chedin,HS,NT2,WT,RNaseA,S9.6,0,None,RES
SRR3504389,S1-DRIP,SRR3504396,FALSE,sacCer3,FALSE,DNA,S9.6,SRX1761639_UNKNOWN,50,SRR3504389,Koshland,SC,SC,WT,NT,S9.6,1,Input,SON
SRR3504390,S1-DRIP,SRR3504396,FALSE,sacCer3,FALSE,DNA,S9.6,SRX1761640_UNKNOWN,50,SRR3504390,Koshland,SC,SC,WT,NT,S9.6,2,Input,SON
SRR3504391,S1-DRIP,NA,FALSE,sacCer3,FALSE,DNA,S9.6,SRX1761641_UNKNOWN,50,SRR3504391,Koshland,SC,SC,rnh1rnh201,NT,RNaseH1,0,None,SON
SRR3504393,S1-DRIP,SRR3504396,FALSE,sacCer3,FALSE,DNA,S9.6,SRX1761643_UNKNOWN,50,SRR3504393,Koshland,SC,SC,WT,NT,S9.6,3,Input,SON
SRR3504394,S1-DRIP,SRR3504396,FALSE,sacCer3,FALSE,DNA,S9.6,SRX1761644_UNKNOWN,50,SRR3504394,Koshland,SC,SC,WT,NT,S9.6,4,Input,SON
SRR3504395,S1-DRIP,SRR3504396,FALSE,sacCer3,FALSE,DNA,S9.6,SRX1761645_UNKNOWN,50,SRR3504395,Koshland,SC,SC,WT,NT,RNaseH1,0,Input,SON
SRR3504397,S1-DRIP,SRR3504392,FALSE,sacCer3,FALSE,DNA,S9.6,SRX1761648_UNKNOWN,50,SRR3504397,Koshland,SC,SC,rnh1rnh201,NT,S9.6,1,Input,SON
SRR3504398,S1-DRIP,SRR3504392,FALSE,sacCer3,FALSE,DNA,S9.6,SRX1761649_UNKNOWN,50,SRR3504398,Koshland,SC,SC,rnh1rnh201,NT,S9.6,2,Input,SON
SRR3504399,S1-DRIP,SRR3504392,FALSE,sacCer3,FALSE,DNA,S9.6,SRX1761650_UNKNOWN,50,SRR3504399,Koshland,SC,SC,rnh1rnh201,NT,S9.6,3,Input,SON
SRR3504400,S1-DRIP,SRR3504392,FALSE,sacCer3,FALSE,DNA,S9.6,SRX1761651_UNKNOWN,50,SRR3504400,Koshland,SC,SC,rnh1rnh201,NT,S9.6,4,Input,SON
SRR3993995,DRIP,SRR3993993,TRUE,ce11,FALSE,DNA,S9.6,SRX1995063_UNKNOWN,51,SRR3993995,Gasser,CE,"NA",WT,NT,S9.6,NA,Input,RES
SRR3993997,DRIP,SRR3993993,TRUE,ce11,FALSE,DNA,S9.6,SRX1995065_UNKNOWN,51,SRR3993997,Gasser,CE,"NA",WT,NT,S9.6,NA,Input,RES
SRR11185375,ssDRIP,SRR11185368,TRUE,hg38,TRUE,DNA,S9.6,SRX7805793_ssDRIP_sequencing_of_hESCs_ssDRIP-ESC_batch2_rep1,150,GSM4340311,Qu,HS,hESCs,WT,NT,S9.6,1,Input,RES
SRR11185376,ssDRIP,SRR11185368,TRUE,hg38,TRUE,DNA,S9.6,SRX7805794_ssDRIP_sequencing_of_hESCs_ssDRIP-ESC_batch2_rep2,150,GSM4340312,Qu,HS,hESCs,WT,NT,S9.6,2,Input,RES
SRR11185377,ssDRIP,SRR11185368,TRUE,hg38,TRUE,DNA,S9.6,SRX7805795_ssDRIP_sequencing_of_hESCs_ssDRIP-ESC_rep1,150,GSM4340313,Qu,HS,hESCs,WT,NT,S9.6,3,Input,RES
SRR11185378,ssDRIP,SRR11185368,TRUE,hg38,TRUE,DNA,S9.6,SRX7805796_ssDRIP_sequencing_of_hESCs_ssDRIP-ESC_rep2,150,GSM4340314,Qu,HS,hESCs,WT,NT,S9.6,4,Input,RES
SRR11185379,ssDRIP,SRR11185369,TRUE,hg38,TRUE,DNA,S9.6,SRX7805797_ssDRIP_sequencing_of_hiPSCs_ssDRIP-iPSC_batch2_rep1,145.67,GSM4340315,Qu,HS,iPSCs,WT,NT,S9.6,1,Input,RES
SRR11185380,ssDRIP,SRR11185369,TRUE,hg38,TRUE,DNA,S9.6,SRX7805798_ssDRIP_sequencing_of_hiPSCs_ssDRIP-iPSC_batch2_rep2,145.21,GSM4340316,Qu,HS,iPSCs,WT,NT,S9.6,2,Input,RES
SRR11185381,ssDRIP,SRR11185369,TRUE,hg38,TRUE,DNA,S9.6,SRX7805799_ssDRIP_sequencing_of_hiPSCs_ssDRIP-iPSC_rep1,150,GSM4340317,Qu,HS,iPSCs,WT,NT,S9.6,3,Input,RES
SRR11185382,ssDRIP,SRR11185369,TRUE,hg38,TRUE,DNA,S9.6,SRX7805800_ssDRIP_sequencing_of_hiPSCs_ssDRIP-iPSC_rep2,150,GSM4340318,Qu,HS,iPSCs,WT,NT,S9.6,4,Input,RES
SRR11185383,ssDRIP,SRR11185370,TRUE,hg38,TRUE,DNA,S9.6,SRX7805801_ssDRIP_sequencing_of_hMSCs_ssDRIP-MSC_rep1,150,GSM4340319,Qu,HS,MSCs,WT,NT,S9.6,1,Input,RES
SRR11185384,ssDRIP,SRR11185370,TRUE,hg38,TRUE,DNA,S9.6,SRX7805802_ssDRIP_sequencing_of_hMSCs_ssDRIP-MSC_rep2,150,GSM4340320,Qu,HS,MSCs,WT,NT,S9.6,2,Input,RES
SRR11185385,ssDRIP,SRR11185371,TRUE,hg38,TRUE,DNA,S9.6,SRX7805803_ssDRIP_sequencing_of_hNSCs_ssDRIP-NSC_batch2_rep1,150,GSM4340321,Qu,HS,NSCs,WT,NT,S9.6,1,Input,RES
SRR11185386,ssDRIP,SRR11185371,TRUE,hg38,TRUE,DNA,S9.6,SRX7805804_ssDRIP_sequencing_of_hNSCs_ssDRIP-NSC_batch2_rep2,150,GSM4340322,Qu,HS,NSCs,WT,NT,S9.6,2,Input,RES
SRR11185387,ssDRIP,SRR11185371,TRUE,hg38,TRUE,DNA,S9.6,SRX7805805_ssDRIP_sequencing_of_hNSCs_ssDRIP-NSC_rep1,150,GSM4340323,Qu,HS,NSCs,WT,NT,S9.6,3,Input,RES
SRR11185388,ssDRIP,SRR11185371,TRUE,hg38,TRUE,DNA,S9.6,SRX7805806_ssDRIP_sequencing_of_hNSCs_ssDRIP-NSC_rep2,150,GSM4340324,Qu,HS,NSCs,WT,NT,S9.6,4,Input,RES
SRR11185373,ssDRIP,SRR11185367,TRUE,hg38,TRUE,DNA,S9.6,SRX7805791_ssDRIP_sequencing_of_hVECs_ssDRIP-EC_rep1,150,GSM4340309,Qu,HS,VECs,WT,NT,S9.6,1,Input,RES
SRR11185374,ssDRIP,SRR11185367,TRUE,hg38,TRUE,DNA,S9.6,SRX7805792_ssDRIP_sequencing_of_hVECs_ssDRIP-EC_rep2,150,GSM4340310,Qu,HS,VECs,WT,NT,S9.6,2,Input,RES
SRR11185389,ssDRIP,SRR11185372,TRUE,hg38,TRUE,DNA,S9.6,SRX7805807_ssDRIP_sequencing_of_hVSMCs_ssDRIP-VSMC_rep1,150,GSM4340325,Qu,HS,VSMCs,WT,NT,S9.6,1,Input,RES
SRR11185390,ssDRIP,SRR11185372,TRUE,hg38,TRUE,DNA,S9.6,SRX7805808_ssDRIP_sequencing_of_hVSMCs_ssDRIP-VSMC_rep2,150,GSM4340326,Qu,HS,VSMCs,WT,NT,S9.6,2,Input,RES
SRR8645633,ssDRIP,SRR8645637,TRUE,dm6,TRUE,DNA,S9.6,SRX5443752_2-6H_DRIP-seq_rep_b,50,GSM3633997,Francis,DM,2-6H,WT,NT,S9.6,2,Input,SON
SRR8645634,ssDRIP,SRR8645636,TRUE,dm6,TRUE,DNA,S9.6,SRX5443753_2-6H_RNaseH_DRIP-seq_rep_a,50,GSM3633998,Francis,DM,2-6H,WT,NT,RNaseH1,1,Input,SON
SRR8645635,ssDRIP,SRR8645637,TRUE,dm6,TRUE,DNA,S9.6,SRX5443754_2-6H_RNaseH_DRIP-seq_rep_b,50,GSM3633999,Francis,DM,2-6H,WT,NT,RNaseH1,2,Input,SON
SRR8645638,ssDRIP,SRR8645642,TRUE,dm6,TRUE,DNA,S9.6,SRX5443757_10-14H_DRIP-seq_rep_a,50,GSM3634002,Francis,DM,10-14H,WT,NT,S9.6,1,Input,SON
SRR8645639,ssDRIP,SRR8645643,TRUE,dm6,TRUE,DNA,S9.6,SRX5443758_10-14H_DRIP-seq_rep_b,50,GSM3634003,Francis,DM,10-14H,WT,NT,S9.6,2,Input,SON
SRR8645640,ssDRIP,SRR8645642,TRUE,dm6,TRUE,DNA,S9.6,SRX5443759_10-14H_RNaseH_DRIP-seq_rep_a,50,GSM3634004,Francis,DM,10-14H,WT,NT,RNaseH1,1,Input,SON
SRR8645641,ssDRIP,SRR8645643,TRUE,dm6,TRUE,DNA,S9.6,SRX5443760_10-14H_RNaseH_DRIP-seq_rep_b,50,GSM3634005,Francis,DM,10-14H,WT,NT,RNaseH1,2,Input,SON
SRR8645644,ssDRIP,SRR8645648,TRUE,dm6,TRUE,DNA,S9.6,SRX5443763_S2_DRIP-seq_rep_a,50,GSM3634008,Francis,DM,S2,WT,NT,S9.6,1,Input,SON
SRR8645645,ssDRIP,SRR8645649,TRUE,dm6,TRUE,DNA,S9.6,SRX5443764_GEO_accession_GSM3634009_is_currently_private_and_is_scheduled_to_be_released_on_Feb_03_2020,50,GSM3634009,Francis,DM,S2,WT,NT,S9.6,2,Input,SON
SRR8645646,ssDRIP,SRR8645648,TRUE,dm6,TRUE,DNA,S9.6,SRX5443765_GEO_accession_GSM3634010_is_currently_private_and_is_scheduled_to_be_released_on_Feb_03_2020,50,GSM3634010,Francis,DM,S2,WT,NT,RNaseH1,1,Input,SON
SRR8645647,ssDRIP,SRR8645649,TRUE,dm6,TRUE,DNA,S9.6,SRX5443766_GEO_accession_GSM3634011_is_currently_private_and_is_scheduled_to_be_released_on_Feb_03_2020,50,GSM3634011,Francis,DM,S2,WT,NT,RNaseH1,2,Input,SON
SRR8645632,ssDRIP,SRR8645636,TRUE,dm6,TRUE,DNA,S9.6,SRX5443751_2-6H_DRIP-seq_rep_a,50,GSM3633996,Francis,DM,S2,WT,NT,S9.6,1,Input,SON
"SRR11540629,SRR11540628",DRIP,SRR11540632,TRUE,hg38,FALSE,DNA,S9.6,SRX8110931_siMETTL3andI-PpoI,150,GSM4474220,Feng,HS,HEK293,I-PpoI,siMETTL3,S9.6,0,RNH,SON
"SRR11540625,SRR11540626",DRIP,SRR11540631,TRUE,hg38,FALSE,DNA,S9.6,SRX8110929_NCandI-PpoI,150,GSM4474218,Feng,HS,HEK293,I-PpoI,siCTR,S9.6,0,RNH,SON
"SRR11540624,SRR11540623",DRIP,SRR11540631,TRUE,hg38,FALSE,DNA,S9.6,SRX8110928_NC,150,GSM4474217,Feng,HS,HEK293,WT,siCTR,S9.6,0,RNH,SON
SRR11540630,DRIP,NA,TRUE,hg38,FALSE,DNA,S9.6,SRX8110932_RNase_H1,150,GSM4474221,Feng,HS,HEK293,RNH1,NT,RNaseH1,0,None,SON
SRR11540627,DRIP,SRR11540632,TRUE,hg38,FALSE,DNA,S9.6,SRX8110930_siMETTL3,150,GSM4474219,Feng,HS,HEK293,WT,siMETTL3,S9.6,0,RNH,SON
SRR8914946,DRIP,SRR8914947,FALSE,hg38,FALSE,DNA,S9.6,SRX5696400_U2OS_siCTRL,50,GSM3724905,Liu,HS,U2OS,WT,siCTR,S9.6,0,RNH,SON
SRR8914948,DRIP,SRR8914949,FALSE,hg38,FALSE,DNA,S9.6,SRX5696402_U2OS_siRTEL1,50,GSM3724907,Liu,HS,U2OS,WT,siRTEL1,S9.6,0,RNH,SON
SRR8914950,DRIP,SRR8914951,FALSE,hg38,FALSE,DNA,S9.6,SRX5696404_U2OS_siRTEL1_APH,50,GSM3724909,Liu,HS,U2OS,WT,siRTEL1-APH,S9.6,0,RNH,SON
SRR5572803,DRIP,SRR5572808,FALSE,dm6,FALSE,DNA,S9.6,SRX2831469_Rand_WT_0029,50,GSM2630109,Azorin,DM,S2,WT,RNH,S9.6,NA,Input,SON
SRR5572805,DRIP,SRR5572808,FALSE,dm6,FALSE,DNA,S9.6,SRX2831471_R-_WT_0029,50,GSM2630111,Azorin,DM,S2,WT,NT,S9.6,NA,Input,SON
SRR5572806,DRIP,SRR5572804,FALSE,dm6,FALSE,DNA,S9.6,SRX2831472_R-_1_dsH1_0029,50,GSM2630112,Azorin,DM,S2,dsH1,NT,S9.6,NA,Input,SON
SRR5572807,DRIP,SRR5572804,FALSE,dm6,FALSE,DNA,S9.6,SRX2831473_Rand_1_dsH1_0029,50,GSM2630113,Azorin,DM,S2,dsH1,RNH,S9.6,NA,Input,SON
SRR5572809,DRIP,SRR5572814,FALSE,dm6,FALSE,DNA,S9.6,SRX2831475_Rand_WT_0030,50,GSM2630115,Azorin,DM,S2,WT,RNH,S9.6,NA,Input,SON
SRR5572811,DRIP,SRR5572814,FALSE,dm6,FALSE,DNA,S9.6,SRX2831477_R-_WT_0030,50,GSM2630117,Azorin,DM,S2,WT,NT,S9.6,NA,Input,SON
SRR5572812,DRIP,SRR5572810,FALSE,dm6,FALSE,DNA,S9.6,SRX2831478_R-_2_dsH1_0030,50,GSM2630118,Azorin,DM,S2,dsH1,NT,S9.6,NA,Input,SON
SRR5572813,DRIP,SRR5572810,FALSE,dm6,FALSE,DNA,S9.6,SRX2831479_Rand_2_dsH1_0030,50,GSM2630119,Azorin,DM,S2,dsH1,RNH,S9.6,NA,Input,SON
SRR8316956,DRIP,SRR8316957,FALSE,hg38,FALSE,DNA,S9.6,SRX5129665_U2OS_siRTEL1_APH,50,SRX5129665,Liu,HS,U2OS,WT,siRTEL1-APH,S9.6,NA,RNH,SON
SRR8316958,DRIP,SRR8316959,FALSE,hg38,FALSE,DNA,S9.6,SRX5129663_U2OS_siRTEL1,50,SRX5129663,Liu,HS,U2OS,WT,siRTEL1,S9.6,NA,RNH,SON
SRR8316960,DRIP,SRR8316961,FALSE,hg38,FALSE,DNA,S9.6,SRX5129661_U2OS_siCTRL,50,SRX5129661,Liu,HS,U2OS,WT,siCTR,S9.6,NA,RNH,SON
ERR2224138,DRIP,NA,FALSE,hg38,FALSE,DNA,S9.6,ERX2277510_E-MTAB-6318DRIP_mOHT,85,ERX2277510,Legube,HS,U2OS,AsiSI-ER,DMSO,S9.6,0,None,RES
ERR2224139,DRIP,NA,FALSE,hg38,FALSE,DNA,S9.6,ERX2277511_E-MTAB-6318DRIP_pOHT,85,ERX2277511,Legube,HS,U2OS,AsiSI-ER,4-OHT,S9.6,0,None,RES
SRR7820745,DRIP,SRR7820751,TRUE,hg38,FALSE,DNA,S9.6,SRX4671917_S96_DRIP_RNase_H_R2,149.39,SRX4671917,Ruzov,HS,iPSCs,WT,NT,RNaseH1,2,Input,SON
SRR7820746,DRIP,SRR7820751,TRUE,hg38,FALSE,DNA,S9.6,SRX4671916_S96_DRIP_RNase_H_R1,149.09,SRX4671916,Ruzov,HS,iPSCs,WT,NT,RNaseH1,1,Input,SON
SRR7820747,DRIP,SRR7820751,TRUE,hg38,FALSE,DNA,S9.6,SRX4671915_S96_DRIP_R2,149.28,SRX4671915,Ruzov,HS,iPSCs,WT,NT,S9.6,2,Input,SON
SRR7820749,DRIP,SRR7820751,TRUE,hg38,FALSE,DNA,S9.6,SRX4671914_S96_DRIP_R1,149.46,SRX4671914,Ruzov,HS,iPSCs,WT,NT,S9.6,1,Input,SON
SRR9667007,qDRIP,SRR9667010,TRUE,hg38,TRUE,DNA,S9.6,SRX6427713_siGL3_qDRIP-seq_1,151,GSM3936507,Cimprich,HS,HeLa,WT,siGL3,S9.6,1,Input,SON
SRR9667008,qDRIP,SRR9667010,TRUE,hg38,TRUE,DNA,S9.6,SRX6427714_siGL3_qDRIP-seq_2,151,GSM3936508,Cimprich,HS,HeLa,WT,siGL3,S9.6,2,Input,SON
SRR9667009,qDRIP,SRR9667010,TRUE,hg38,TRUE,DNA,S9.6,SRX6427715_siGL3_qDRIP-seq_andRH,151,GSM3936509,Cimprich,HS,HeLa,WT,siGL3,RNaseH1,0,Input,SON
SRR9667011,qDRIP,SRR9667013,TRUE,hg38,TRUE,DNA,S9.6,SRX6427717_DMSO_qDRIP-seq_1,151,GSM3936511,Cimprich,HS,HeLa,WT,DMSO,S9.6,1,Input,SON
SRR9667012,qDRIP,SRR9667013,TRUE,hg38,TRUE,DNA,S9.6,SRX6427718_DMSO_qDRIP-seq_2,151,GSM3936512,Cimprich,HS,HeLa,WT,DMSO,S9.6,2,Input,SON
SRR9667014,qDRIP,SRR9667017,TRUE,hg38,TRUE,DNA,S9.6,SRX6427720_DRB_qDRIP-seq_1,151,GSM3936514,Cimprich,HS,HeLa,WT,DRB,S9.6,1,Input,SON
SRR9667015,qDRIP,SRR9667017,TRUE,hg38,TRUE,DNA,S9.6,SRX6427721_DRB_qDRIP-seq_2,151,GSM3936515,Cimprich,HS,HeLa,WT,DRB,S9.6,2,Input,SON
SRR9667016,qDRIP,SRR9667017,TRUE,hg38,TRUE,DNA,S9.6,SRX6427722_DRB_qDRIP-seq_andRH,151,GSM3936516,Cimprich,HS,HeLa,WT,DRB,RNaseH1,0,Input,SON
SRR10916579,qDRIP,SRR10916580,TRUE,hg38,TRUE,DNA,S9.6,SRX7583977_untreated_qDRIP-seq,101,GSM4276883,Cimprich,HS,HeLa,WT,NT,S9.6,0,Input,SON
SRR10916581,qDRIP,SRR10916580,TRUE,hg38,TRUE,DNA,S9.6,SRX7583979_untreated_qDRIP-seq_and_standard_RH,101,GSM4276885,Cimprich,HS,HeLa,WT,NT,RNaseH1,0,Input,SON
SRR10916582,qDRIP,SRR10916580,TRUE,hg38,TRUE,DNA,S9.6,SRX7583980_untreated_qDRIP-seq_and_high_RH,101,GSM4276886,Cimprich,HS,HeLa,WT,NT,RNH-high,0,Input,SON
SRR10916583,qDRIP,SRR10916585,TRUE,dm6,TRUE,DNA,S9.6,SRX7583981_siGL3_qDRIP-seq_HeLa_and_S2_1,76,GSM4276887,Cimprich,HS,HeLa,WT,siGL3,S9.6,1,Input,SON
SRR10916584,qDRIP,SRR10916586,TRUE,dm6,TRUE,DNA,S9.6,SRX7583982_siGL3_qDRIP-seq_HeLa_and_S2_2,76,GSM4276888,Cimprich,HS,HeLa,WT,siGL3,S9.6,2,Input,SON
"SRR12412380,SRR12412381,SRR12412382",DRIP,"SRR12412385,SRR12412386,SRR12412387",FALSE,hg38,FALSE,DNA,S9.6,SRX8908657_Control_rep_1_DRIP-seq,75.7,GSM4714811,Richard,HS,U2OS,WT,siCTR,S9.6,1,Input,RES
"SRR12412383,SRR12412384",DRIP,"SRR12412385,SRR12412386,SRR12412387",FALSE,hg38,FALSE,DNA,S9.6,SRX8908658_Control_rep_2_DRIP-seq,75.67,GSM4714812,Richard,HS,U2OS,WT,siCTR,S9.6,2,Input,RES
"SRR12412388,SRR12412389",DRIP,"SRR12412385,SRR12412386,SRR12412387",FALSE,hg38,FALSE,DNA,S9.6,SRX8908660_Control_rep_1_Rnase-H_DRIP-seq,75.65,GSM4714814,Richard,HS,U2OS,WT,siCTR,RNaseH1,1,Input,RES
"SRR12412390,SRR12412392,SRR12412391",DRIP,"SRR12412385,SRR12412386,SRR12412387",FALSE,hg38,FALSE,DNA,S9.6,SRX8908661_Control_rep_2_Rnase-H_DRIP-seq,75.75,GSM4714815,Richard,HS,U2OS,WT,siCTR,RNaseH1,2,Input,RES
"SRR12412393,SRR12412395,SRR12412394",DRIP,"SRR12412398,SRR12412399,SRR12412400",FALSE,hg38,FALSE,DNA,S9.6,SRX8908662_DDX5_KD_rep_1_DRIP-seq,75.66,GSM4714816,Richard,HS,U2OS,WT,siDDX5,S9.6,1,Input,RES
"SRR12412396,SRR12412397",DRIP,"SRR12412398,SRR12412399,SRR12412400",FALSE,hg38,FALSE,DNA,S9.6,SRX8908663_DDX5_KD_rep_2_DRIP-seq,75.81,GSM4714817,Richard,HS,U2OS,WT,siDDX5,S9.6,2,Input,RES
"SRR12412401,SRR12412402,SRR12412403",DRIP,"SRR12412407,SRR12412408,SRR12412409",FALSE,hg38,FALSE,DNA,S9.6,SRX8908665_PRMT5_KD_rep_1_DRIP-seq,75.66,GSM4714819,Richard,HS,U2OS,WT,siPRMT5,S9.6,1,Input,RES
"SRR12412404,SRR12412405,SRR12412406",DRIP,"SRR12412407,SRR12412408,SRR12412409",FALSE,hg38,FALSE,DNA,S9.6,SRX8908666_PRMT5_KD_rep_2_DRIP-seq,75.84,GSM4714820,Richard,HS,U2OS,WT,siPRMT5,S9.6,2,Input,RES
"SRR12412410,SRR12412411,SRR12412412",DRIP,"SRR12412415,SRR12412416,SRR12412417",FALSE,hg38,FALSE,DNA,S9.6,SRX8908668_XRN2_KD_rep_1_DRIP-seq,75.75,GSM4714822,Richard,HS,U2OS,WT,siXRN2,S9.6,1,Input,RES
"SRR12412413,SRR12412414",DRIP,"SRR12412415,SRR12412416,SRR12412417",FALSE,hg38,FALSE,DNA,S9.6,SRX8908669_XRN2_KD_rep_2_DRIP-seq,75.76,GSM4714823,Richard,HS,U2OS,WT,siXRN2,S9.6,1,Input,RES
SRR8949081,sDRIP,NA,FALSE,hg38,TRUE,DNA,S9.6,SRX5729069_LS72E_PATC53_sDRIP-seq_DMSO_1day,101,GSM3734314,Chedin,HS,PATC53,WT,DMSO 1d,S9.6,"NA",None,SON
SRR8949082,sDRIP,NA,FALSE,hg38,TRUE,DNA,S9.6,SRX5729070_LS72G_PATC53_sDRIP-seq_DMSO_3day,101,GSM3734315,Chedin,HS,PATC53,WT,DMSO 3d,S9.6,"NA",None,SON
SRR8949084,sDRIP,NA,FALSE,hg38,TRUE,DNA,S9.6,SRX5729072_LS99E_PATC53_sDRIP-seq_DMSO_1day,101,GSM3734317,Chedin,HS,PATC53,WT,DMSO 1d,S9.6,"NA",None,SON
SRR8949085,sDRIP,NA,FALSE,hg38,TRUE,DNA,S9.6,SRX5729073_LS99F_PATC53_sDRIP-seq_Inh_1day,101,GSM3734318,Chedin,HS,PATC53,WT,Inh 1d,S9.6,"NA",None,SON
SRR8949086,sDRIP,NA,FALSE,hg38,TRUE,DNA,S9.6,SRX5729074_LS99G_PATC53_sDRIP-seq_Inh_1day,101,GSM3734319,Chedin,HS,PATC53,WT,Inh 1d,S9.6,"NA",None,SON
SRR8949087,sDRIP,NA,FALSE,hg38,TRUE,DNA,S9.6,SRX5729075_LS99H_PATC53_sDRIP-seq_DMSO_3day,101,GSM3734320,Chedin,HS,PATC53,WT,DMSO 3d,S9.6,"NA",None,SON
SRR8949088,sDRIP,NA,FALSE,hg38,TRUE,DNA,S9.6,SRX5729076_LS99I_PATC53_sDRIP-seq_Inh_3day,101,GSM3734321,Chedin,HS,PATC53,WT,Inh 3d,S9.6,"NA",None,SON
SRR8949083,sDRIP,NA,FALSE,hg38,TRUE,DNA,S9.6,SRX5729071_LS72H_PATC53_sDRIP-seq_Inh_3day,101,GSM3734316,Chedin,HS,PATC53,WT,Inh 3d,S9.6,"NA",None,SON
SRR6491521,DRIP,SRR6491520,FALSE,hg38,FALSE,DNA,S9.6,SRX3581338_drip_ASF_IP_1_1,51,GSM2891660,Chedin,HS,HeLa,WT,shASF,S9.6,1,Input,RES
SRR6491522,DRIP,SRR6491520,FALSE,hg38,FALSE,DNA,S9.6,SRX3581339_drip_HeLa_IP_1_1,51,GSM2891661,Chedin,HS,HeLa,WT,shCTR,S9.6,1,Input,RES
SRR6491523,DRIP,SRR6491520,FALSE,hg38,FALSE,DNA,S9.6,SRX3581340_drip_TOP1_IP_1_1,51,GSM2891662,Chedin,HS,HeLa,WT,shTOP1,S9.6,1,Input,RES
SRR6491525,DRIP,SRR6491524,FALSE,hg38,FALSE,DNA,S9.6,SRX3581342_drip_ASF_IP_2_1,51,GSM2891664,Chedin,HS,HeLa,WT,shASF,S9.6,2,Input,RES
SRR6491528,DRIP,SRR6491526,FALSE,hg38,FALSE,DNA,S9.6,SRX3581344_drip_HeLa_IP_2_1,51,GSM2891666,Chedin,HS,HeLa,WT,shCTR,S9.6,2,Input,RES
SRR6491530,DRIP,SRR6491529,FALSE,hg38,FALSE,DNA,S9.6,SRX3581346_drip_TOP1_IP_2_1,51,GSM2891668,Chedin,HS,HeLa,WT,shTOP1,S9.6,2,Input,RES
SRR8486291,ssDRIP,NA,TRUE,mm10,TRUE,DNA,S9.6,SRX5290925_OSKM-D0-DRIPseq-rep1,150,GSM3579337,Yao,MM,MEF,WT,OSKM-D0,S9.6,"NA",None,RES
SRR8486292,ssDRIP,NA,TRUE,mm10,TRUE,DNA,S9.6,SRX5290926_OSKM-D0-DRIPseq-rep2,150,GSM3579338,Yao,MM,MEF,WT,OSKM-D0,S9.6,"NA",None,RES
SRR8486293,ssDRIP,NA,TRUE,mm10,TRUE,DNA,S9.6,SRX5290927_OSKM-D1-DRIPseq-rep1,150,GSM3579339,Yao,MM,MEF,WT,OSKM-D1,S9.6,"NA",None,RES
SRR8486294,ssDRIP,NA,TRUE,mm10,TRUE,DNA,S9.6,SRX5290928_OSKM-D1-DRIPseq-rep2,150,GSM3579340,Yao,MM,MEF,WT,OSKM-D1,S9.6,"NA",None,RES
SRR8486295,ssDRIP,NA,TRUE,mm10,TRUE,DNA,S9.6,SRX5290929_OSKM-D3-DRIPseq-rep1,150,GSM3579341,Yao,MM,MEF,WT,OSKM-D3,S9.6,"NA",None,RES
SRR8486296,ssDRIP,NA,TRUE,mm10,TRUE,DNA,S9.6,SRX5290930_OSKM-D3-DRIPseq-rep2,150,GSM3579342,Yao,MM,MEF,WT,OSKM-D3,S9.6,"NA",None,RES
SRR8486297,ssDRIP,NA,TRUE,mm10,TRUE,DNA,S9.6,SRX5290931_OSKM-D5-DRIPseq-rep1,150,GSM3579343,Yao,MM,MEF,WT,OSKM-D5,S9.6,"NA",None,RES
SRR8486304,ssDRIP,NA,TRUE,mm10,TRUE,DNA,S9.6,SRX5290932_OSKM-D5-DRIPseq-rep2,150,GSM3579344,Yao,MM,MEF,WT,OSKM-D5,S9.6,"NA",None,RES
SRR8486305,ssDRIP,NA,TRUE,mm10,TRUE,DNA,S9.6,SRX5290933_OSKM-D7-DRIPseq-rep1,150,GSM3579345,Yao,MM,MEF,WT,OSKM-D7,S9.6,"NA",None,RES
SRR8486306,ssDRIP,NA,TRUE,mm10,TRUE,DNA,S9.6,SRX5290934_OSKM-D7-DRIPseq-rep2,150,GSM3579346,Yao,MM,MEF,WT,OSKM-D7,S9.6,"NA",None,RES
SRR8486307,ssDRIP,NA,TRUE,mm10,TRUE,DNA,S9.6,SRX5290935_OSKM-iPSC-DRIPseq-rep1,150,GSM3579347,Yao,MM,iPSCs,WT,NT,S9.6,"NA",None,RES
SRR8486308,ssDRIP,NA,TRUE,mm10,TRUE,DNA,S9.6,SRX5290936_OSKM-iPSC-DRIPseq-rep2,150,GSM3579348,Yao,MM,iPSCs,WT,NT,S9.6,"NA",None,RES
SRR8486309,ssDRIP,NA,TRUE,mm10,TRUE,DNA,S9.6,SRX5290937_OSKM-D209N-D1-DRIPseq-rep1,150,GSM3579349,Yao,MM,MEF,WT,OSKM-D1+D209N,S9.6,"NA",None,RES
SRR8486310,ssDRIP,NA,TRUE,mm10,TRUE,DNA,S9.6,SRX5290938_OSKM-D209N-D1-DRIPseq-rep2,150,GSM3579350,Yao,MM,MEF,WT,OSKM-D1+D209N,S9.6,"NA",None,RES
SRR8486311,ssDRIP,NA,TRUE,mm10,TRUE,DNA,S9.6,SRX5290939_OSKM-D209N-D3-DRIPseq-rep1,150,GSM3579351,Yao,MM,MEF,WT,OSKM-D3+D209N,S9.6,"NA",None,RES
SRR8486312,ssDRIP,NA,TRUE,mm10,TRUE,DNA,S9.6,SRX5290940_OSKM-D209N-D3-DRIPseq-rep2,150,GSM3579352,Yao,MM,MEF,WT,OSKM-D3+D209N,S9.6,"NA",None,RES
SRR8486313,ssDRIP,NA,TRUE,mm10,TRUE,DNA,S9.6,SRX5290941_OSKM-D209N-D7-DRIPseq-rep1,150,GSM3579353,Yao,MM,MEF,WT,OSKM-D7+D209N,S9.6,"NA",None,RES
SRR8486314,ssDRIP,NA,TRUE,mm10,TRUE,DNA,S9.6,SRX5290942_OSKM-D209N-D7-DRIPseq-rep2,150,GSM3579354,Yao,MM,MEF,WT,OSKM-D7+D209N,S9.6,"NA",None,RES
SRR8486315,ssDRIP,NA,TRUE,mm10,TRUE,DNA,S9.6,SRX5290943_OSKM-RNaseH1-D1-DRIPseq-rep1,150,GSM3579355,Yao,MM,MEF,WT,OSKM-D1+RNH,S9.6,"NA",None,RES
SRR8486316,ssDRIP,NA,TRUE,mm10,TRUE,DNA,S9.6,SRX5290944_OSKM-RNaseH1-D1-DRIPseq-rep2,150,GSM3579356,Yao,MM,MEF,WT,OSKM-D1+RNH,S9.6,"NA",None,RES
SRR8486317,ssDRIP,NA,TRUE,mm10,TRUE,DNA,S9.6,SRX5290945_OSKM-RNaseH1-D3-DRIPseq-rep1,150,GSM3579357,Yao,MM,MEF,WT,OSKM-D3+RNH,S9.6,"NA",None,RES
SRR8486318,ssDRIP,NA,TRUE,mm10,TRUE,DNA,S9.6,SRX5290946_OSKM-RNaseH1-D3-DRIPseq-rep2,150,GSM3579358,Yao,MM,MEF,WT,OSKM-D3+RNH,S9.6,"NA",None,RES
SRR8486319,ssDRIP,NA,TRUE,mm10,TRUE,DNA,S9.6,SRX5290947_OSKM-RNaseH1-D7-DRIPseq-rep1,150,GSM3579359,Yao,MM,MEF,WT,OSKM-D7+RNH,S9.6,"NA",None,RES
SRR8486320,ssDRIP,NA,TRUE,mm10,TRUE,DNA,S9.6,SRX5290948_OSKM-RNaseH1-D7-DRIPseq-rep2,150,GSM3579360,Yao,MM,MEF,WT,OSKM-D7+RNH,S9.6,"NA",None,RES
SRR8486321,ssDRIP,NA,TRUE,mm10,TRUE,DNA,S9.6,SRX5290949_OSKM-FLAG-D1-DRIPseq-rep1,150,GSM3579361,Yao,MM,MEF,WT,OSKM-D1,S9.6,"NA",None,RES
SRR8486322,ssDRIP,NA,TRUE,mm10,TRUE,DNA,S9.6,SRX5290950_OSKM-FLAG-D1-DRIPseq-rep2,150,GSM3579362,Yao,MM,MEF,WT,OSKM-D1,S9.6,"NA",None,RES
SRR8486323,ssDRIP,NA,TRUE,mm10,TRUE,DNA,S9.6,SRX5290951_OSKM-FLAG-D3-DRIPseq-rep1,150,GSM3579363,Yao,MM,MEF,WT,OSKM-D3,S9.6,"NA",None,RES
SRR8486324,ssDRIP,NA,TRUE,mm10,TRUE,DNA,S9.6,SRX5290952_OSKM-FLAG-D3-DRIPseq-rep2,150,GSM3579364,Yao,MM,MEF,WT,OSKM-D3,S9.6,"NA",None,RES
SRR8486325,ssDRIP,NA,TRUE,mm10,TRUE,DNA,S9.6,SRX5290953_OSKM-FLAG-D7-DRIPseq-rep1,150,GSM3579365,Yao,MM,MEF,WT,OSKM-D7,S9.6,"NA",None,RES
SRR8486326,ssDRIP,NA,TRUE,mm10,TRUE,DNA,S9.6,SRX5290954_OSKM-FLAG-D7-DRIPseq-rep2,150,GSM3579366,Yao,MM,MEF,WT,OSKM-D7,S9.6,"NA",None,RES
SRR8486327,ssDRIP,NA,TRUE,mm10,TRUE,DNA,S9.6,SRX5290955_RNaseHtreat-DRIPseq-rep1,150,GSM3579367,Yao,MM,MEF,WT,OSKM-D5+RNH,S9.6,"NA",None,RES
SRR8486328,ssDRIP,NA,TRUE,mm10,TRUE,DNA,S9.6,SRX5290956_RNaseHtreat-DRIPseq-rep2,150,GSM3579368,Yao,MM,MEF,WT,OSKM-D5+RNH,S9.6,"NA",None,RES
SRR8486329,ssDRIP,NA,TRUE,mm10,TRUE,DNA,S9.6,SRX5290957_OSKM-D9-DRIPseq,150,GSM3579369,Yao,MM,MEF,WT,OSKM-D9,S9.6,"NA",None,RES
SRR8486330,ssDRIP,NA,TRUE,mm10,TRUE,DNA,S9.6,SRX5290958_OKM-D9-DRIPseq,150,GSM3579370,Yao,MM,MEF,WT,OSKM-D9,S9.6,"NA",None,RES
SRR11552996,DRIP,NA,FALSE,hg38,FALSE,DNA,S9.6,SRX8122753_K562_DRIP-seq_Control_DG1A,101,GSM4478670,Chedin,HS,K562,NA,NT,S9.6,"NA",None,RES
SRR11552997,DRIP,NA,FALSE,hg38,FALSE,DNA,S9.6,SRX8122754_K562_DRIP-seq_PladB_2_hours_DG1B,101,GSM4478671,Chedin,HS,K562,NA,PladB-2h,S9.6,"NA",None,RES
SRR11552998,DRIP,NA,FALSE,hg38,FALSE,DNA,S9.6,SRX8122755_K562_DRIP-seq_PladB_4_hours_DG1C,101,GSM4478672,Chedin,HS,K562,NA,PladB-4h,S9.6,"NA",None,RES
SRR11552999,DRIP,NA,FALSE,hg38,FALSE,DNA,S9.6,SRX8122756_K562_DRIP-seq_Control_DG1D,101,GSM4478673,Chedin,HS,K562,NA,NT,S9.6,"NA",None,RES
SRR11553000,DRIP,NA,FALSE,hg38,FALSE,DNA,S9.6,SRX8122757_GEO_accession_GSM4478674_is_currently_private_and_is_scheduled_to_be_released_on_Apr_01_2022,101,GSM4478674,Chedin,HS,K562,NA,DMSO-2h,S9.6,"NA",None,RES
SRR11553001,DRIP,NA,FALSE,hg38,FALSE,DNA,S9.6,SRX8122758_K562_DRIP-seq_DMSO_4_hours_DG1F,101,GSM4478675,Chedin,HS,K562,NA,DMSO-4h,S9.6,"NA",None,RES
SRR11553002,DRIP,NA,FALSE,hg38,FALSE,DNA,S9.6,SRX8122759_K562_DRIP-seq_PladB_2_hours_DG1G,101,GSM4478676,Chedin,HS,K562,NA,PladB-2h,S9.6,"NA",None,RES
SRR11553003,DRIP,NA,FALSE,hg38,FALSE,DNA,S9.6,SRX8122760_K562_DRIP-seq_PladB_4_hours_DG1H,101,GSM4478677,Chedin,HS,K562,NA,PladB-4h,S9.6,"NA",None,RES
SRR11553012,sDRIP,NA,FALSE,hg38,TRUE,DNA,S9.6,SRX8122769_K562_sDRIP-seq_Control_DG3A,100,GSM4478686,Chedin,HS,K562,NA,NT,S9.6,"NA",None,SON
SRR11553013,sDRIP,NA,FALSE,hg38,TRUE,DNA,S9.6,SRX8122770_K562_sDRIP-seq_DMSO_4_hours_DG3B,100,GSM4478687,Chedin,HS,K562,NA,DMSO-4h,S9.6,"NA",None,SON
SRR11553014,sDRIP,NA,FALSE,hg38,TRUE,DNA,S9.6,SRX8122771_K562_sDRIP-seq_PladB_4_hours_DG3C,100,GSM4478688,Chedin,HS,K562,NA,PladB-4h,S9.6,"NA",None,SON
SRR11553015,sDRIP,NA,FALSE,hg38,TRUE,DNA,S9.6,SRX8122772_K562_sDRIP-seq_Control_DG3D,100,GSM4478689,Chedin,HS,K562,NA,NT,S9.6,"NA",None,SON
SRR11553016,sDRIP,NA,FALSE,hg38,TRUE,DNA,S9.6,SRX8122773_K562_sDRIP-seq_DMSO_4_hours_DG3E,100,GSM4478690,Chedin,HS,K562,NA,DMSO-4h,S9.6,"NA",None,SON
SRR9937571,DRIPc,SRR11838587,TRUE,hg38,TRUE,RNA,S9.6,SRX6686232_DRIPc_seq_siC_1,75.18,GSM4023581,Aguilera,HS,K562,NA,siCTR,S9.6,"NA",RNH,RES
SRR9937572,DRIPc,SRR11838588,TRUE,hg38,TRUE,RNA,S9.6,SRX6686233_DRIPc_seq_siUAP56_1,75.28,GSM4023582,Aguilera,HS,K562,NA,siUAP56,S9.6,"NA",RNH,RES
SRR9937573,DRIPc,SRR11838587,TRUE,hg38,TRUE,RNA,S9.6,SRX6686234_DRIPc_seq_siC_2,75.11,GSM4023583,Aguilera,HS,K562,NA,siCTR,S9.6,"NA",RNH,RES
SRR9937574,DRIPc,SRR11838588,TRUE,hg38,TRUE,RNA,S9.6,SRX6686235_DRIPc_seq_siUAP56_2,75.36,GSM4023584,Aguilera,HS,K562,NA,siUAP56,S9.6,"NA",RNH,RES
SRR9937575,DRIP,SRR9937576,TRUE,hg38,FALSE,DNA,S9.6,SRX6686236_DRIP_seq_siC_untreated,74.75,GSM4023585,Aguilera,HS,K562,NA,NT,S9.6,"NA",RNH,RES
SRR9899797,DRIP,NA,FALSE,hg38,FALSE,DNA,S9.6,SRX6651643_SX014C_U87_DRIP-seq_WT_rep1,50,GSM4006728,Chedin,HS,U87,WT,siCTR,S9.6,1,None,RES
SRR9899798,DRIP,NA,FALSE,hg38,FALSE,DNA,S9.6,SRX6651644_SX014D_U87_DRIP-seq_WT_rep2,50,GSM4006729,Chedin,HS,U87,WT,siCTR,S9.6,2,None,RES
SRR9899799,DRIP,NA,FALSE,hg38,FALSE,DNA,S9.6,SRX6651645_SX014E_U87DRIP-seq_Setx_KD_rep1,50,GSM4006730,Chedin,HS,U87,WT,siSETX,S9.6,1,None,RES
SRR9899800,DRIP,NA,FALSE,hg38,FALSE,DNA,S9.6,SRX6651646_SX014F_U87_DRIP-seq_Setx_KD_rep2,50,GSM4006731,Chedin,HS,U87,WT,siSETX,S9.6,2,None,RES
